participant_id,timestamp,task,trail,label
0,16836,BA_LEFT_CLICK,0,NONE
0,16870,BA_LEFT_CLICK,0,NONE
0,16904,BA_LEFT_CLICK,0,NONE
0,16937,BA_LEFT_CLICK,0,NONE
0,16969,BA_LEFT_CLICK,0,NONE
0,17003,BA_LEFT_CLICK,0,NONE
0,17037,BA_LEFT_CLICK,0,NONE
0,17067,BA_LEFT_CLICK,0,NONE
0,17100,BA_LEFT_CLICK,0,NONE
0,17137,BA_LEFT_CLICK,0,NONE
0,17170,BA_LEFT_CLICK,0,NONE
0,17205,BA_LEFT_CLICK,0,NONE
0,17237,BA_LEFT_CLICK,0,NONE
0,17271,BA_LEFT_CLICK,0,NONE
0,17303,BA_LEFT_CLICK,0,NONE
0,17337,BA_LEFT_CLICK,0,NONE
0,17370,BA_LEFT_CLICK,0,NONE
0,17404,BA_LEFT_CLICK,0,NONE
0,17437,BA_LEFT_CLICK,0,NONE
0,17470,BA_LEFT_CLICK,0,NONE
0,17503,BA_LEFT_CLICK,0,NONE
0,17536,BA_LEFT_CLICK,0,NONE
0,17570,BA_LEFT_CLICK,0,NONE
0,17604,BA_LEFT_CLICK,0,NONE
0,17637,BA_LEFT_CLICK,0,NONE
0,17671,BA_LEFT_CLICK,0,NONE
0,17705,BA_LEFT_CLICK,0,NONE
0,17739,BA_LEFT_CLICK,0,NONE
0,17770,BA_LEFT_CLICK,0,NONE
0,17805,BA_LEFT_CLICK,0,NONE
0,17838,BA_LEFT_CLICK,0,NONE
0,17870,BA_LEFT_CLICK,0,NONE
0,17903,BA_LEFT_CLICK,0,NONE
0,17936,BA_LEFT_CLICK,0,NONE
0,17970,BA_LEFT_CLICK,0,NONE
0,18004,BA_LEFT_CLICK,0,NONE
0,18038,BA_LEFT_CLICK,0,NONE
0,18072,BA_LEFT_CLICK,0,NONE
0,18105,BA_LEFT_CLICK,0,LEFT_PRESS
0,18138,BA_LEFT_CLICK,0,LEFT_PRESS
0,18171,BA_LEFT_CLICK,0,LEFT_PRESS
0,18203,BA_LEFT_CLICK,0,LEFT_PRESS
0,18236,BA_LEFT_CLICK,0,LEFT_PRESS
0,18270,BA_LEFT_CLICK,0,LEFT_PRESS
0,18303,BA_LEFT_CLICK,0,LEFT_PRESS
0,18337,BA_LEFT_CLICK,0,LEFT_PRESS
0,18370,BA_LEFT_CLICK,0,LEFT_PRESS
0,18404,BA_LEFT_CLICK,0,LEFT_PRESS
0,18438,BA_LEFT_CLICK,0,LEFT_RELEASE
0,18470,BA_LEFT_CLICK,0,LEFT_RELEASE
0,18503,BA_LEFT_CLICK,0,LEFT_RELEASE
0,18537,BA_LEFT_CLICK,0,LEFT_RELEASE
0,18570,BA_LEFT_CLICK,0,LEFT_RELEASE
0,18604,BA_LEFT_CLICK,0,LEFT_RELEASE
0,18637,BA_LEFT_CLICK,0,LEFT_RELEASE
0,18672,BA_LEFT_CLICK,0,LEFT_RELEASE
0,18700,BA_LEFT_CLICK,0,LEFT_RELEASE
0,18738,BA_LEFT_CLICK,0,LEFT_RELEASE
0,18769,BA_LEFT_CLICK,0,NONE
0,18803,BA_LEFT_CLICK,0,NONE
0,18837,BA_LEFT_CLICK,0,NONE
0,18871,BA_LEFT_CLICK,0,NONE
0,18904,BA_LEFT_CLICK,0,NONE
0,18938,BA_LEFT_CLICK,0,NONE
0,18972,BA_LEFT_CLICK,0,NONE
0,19004,BA_LEFT_CLICK,0,NONE
0,19037,BA_LEFT_CLICK,0,NONE
0,19070,BA_LEFT_CLICK,0,NONE
0,19103,BA_LEFT_CLICK,0,NONE
0,19138,BA_LEFT_CLICK,0,NONE
0,19171,BA_LEFT_CLICK,0,NONE
0,19205,BA_LEFT_CLICK,0,NONE
0,19239,BA_LEFT_CLICK,0,NONE
0,19271,BA_LEFT_CLICK,0,NONE
0,19303,BA_LEFT_CLICK,0,NONE
0,19337,BA_LEFT_CLICK,0,NONE
0,19370,BA_LEFT_CLICK,0,NONE
0,19404,BA_LEFT_CLICK,0,NONE
0,19438,BA_LEFT_CLICK,0,NONE
0,19472,BA_LEFT_CLICK,0,NONE
0,19503,BA_LEFT_CLICK,0,NONE
0,19538,BA_LEFT_CLICK,0,NONE
0,19570,BA_LEFT_CLICK,0,NONE
0,19603,BA_LEFT_CLICK,0,NONE
0,19637,BA_LEFT_CLICK,0,NONE
0,19670,BA_LEFT_CLICK,0,NONE
0,19704,BA_LEFT_CLICK,0,NONE
0,19737,BA_LEFT_CLICK,0,NONE
0,19771,BA_LEFT_CLICK,0,NONE
0,19804,BA_LEFT_CLICK,0,NONE
0,19836,BA_LEFT_CLICK,0,NONE
0,21435,BA_LEFT_CLICK,1,NONE
0,21470,BA_LEFT_CLICK,1,NONE
0,21503,BA_LEFT_CLICK,1,NONE
0,21537,BA_LEFT_CLICK,1,NONE
0,21570,BA_LEFT_CLICK,1,NONE
0,21605,BA_LEFT_CLICK,1,NONE
0,21637,BA_LEFT_CLICK,1,NONE
0,21670,BA_LEFT_CLICK,1,NONE
0,21703,BA_LEFT_CLICK,1,NONE
0,21737,BA_LEFT_CLICK,1,NONE
0,21770,BA_LEFT_CLICK,1,NONE
0,21804,BA_LEFT_CLICK,1,NONE
0,21837,BA_LEFT_CLICK,1,NONE
0,21872,BA_LEFT_CLICK,1,NONE
0,21903,BA_LEFT_CLICK,1,NONE
0,21938,BA_LEFT_CLICK,1,NONE
0,21970,BA_LEFT_CLICK,1,NONE
0,22003,BA_LEFT_CLICK,1,NONE
0,22037,BA_LEFT_CLICK,1,NONE
0,22070,BA_LEFT_CLICK,1,NONE
0,22104,BA_LEFT_CLICK,1,NONE
0,22137,BA_LEFT_CLICK,1,NONE
0,22171,BA_LEFT_CLICK,1,NONE
0,22205,BA_LEFT_CLICK,1,NONE
0,22236,BA_LEFT_CLICK,1,NONE
0,22270,BA_LEFT_CLICK,1,NONE
0,22303,BA_LEFT_CLICK,1,NONE
0,22337,BA_LEFT_CLICK,1,NONE
0,22371,BA_LEFT_CLICK,1,NONE
0,22404,BA_LEFT_CLICK,1,NONE
0,22439,BA_LEFT_CLICK,1,NONE
0,22471,BA_LEFT_CLICK,1,NONE
0,22504,BA_LEFT_CLICK,1,NONE
0,22537,BA_LEFT_CLICK,1,NONE
0,22570,BA_LEFT_CLICK,1,NONE
0,22603,BA_LEFT_CLICK,1,NONE
0,22638,BA_LEFT_CLICK,1,NONE
0,22672,BA_LEFT_CLICK,1,LEFT_PRESS
0,22704,BA_LEFT_CLICK,1,LEFT_PRESS
0,22738,BA_LEFT_CLICK,1,LEFT_PRESS
0,22770,BA_LEFT_CLICK,1,LEFT_PRESS
0,22803,BA_LEFT_CLICK,1,LEFT_PRESS
0,22837,BA_LEFT_CLICK,1,LEFT_PRESS
0,22870,BA_LEFT_CLICK,1,LEFT_PRESS
0,22905,BA_LEFT_CLICK,1,LEFT_PRESS
0,22937,BA_LEFT_CLICK,1,LEFT_PRESS
0,22971,BA_LEFT_CLICK,1,LEFT_RELEASE
0,23004,BA_LEFT_CLICK,1,LEFT_RELEASE
0,23037,BA_LEFT_CLICK,1,LEFT_RELEASE
0,23070,BA_LEFT_CLICK,1,LEFT_RELEASE
0,23104,BA_LEFT_CLICK,1,LEFT_RELEASE
0,23137,BA_LEFT_CLICK,1,LEFT_RELEASE
0,23171,BA_LEFT_CLICK,1,LEFT_RELEASE
0,23205,BA_LEFT_CLICK,1,LEFT_RELEASE
0,23239,BA_LEFT_CLICK,1,LEFT_RELEASE
0,23271,BA_LEFT_CLICK,1,NONE
0,23303,BA_LEFT_CLICK,1,NONE
0,23337,BA_LEFT_CLICK,1,NONE
0,23369,BA_LEFT_CLICK,1,NONE
0,23404,BA_LEFT_CLICK,1,NONE
0,23437,BA_LEFT_CLICK,1,NONE
0,23470,BA_LEFT_CLICK,1,NONE
0,23504,BA_LEFT_CLICK,1,NONE
0,23539,BA_LEFT_CLICK,1,NONE
0,23571,BA_LEFT_CLICK,1,NONE
0,23603,BA_LEFT_CLICK,1,NONE
0,23637,BA_LEFT_CLICK,1,NONE
0,23670,BA_LEFT_CLICK,1,NONE
0,23699,BA_LEFT_CLICK,1,NONE
0,25370,BA_LEFT_CLICK,2,NONE
0,25405,BA_LEFT_CLICK,2,NONE
0,25438,BA_LEFT_CLICK,2,NONE
0,25471,BA_LEFT_CLICK,2,NONE
0,25504,BA_LEFT_CLICK,2,NONE
0,25538,BA_LEFT_CLICK,2,NONE
0,25570,BA_LEFT_CLICK,2,NONE
0,25605,BA_LEFT_CLICK,2,NONE
0,25639,BA_LEFT_CLICK,2,NONE
0,25672,BA_LEFT_CLICK,2,NONE
0,25705,BA_LEFT_CLICK,2,NONE
0,25738,BA_LEFT_CLICK,2,NONE
0,25770,BA_LEFT_CLICK,2,NONE
0,25803,BA_LEFT_CLICK,2,NONE
0,25837,BA_LEFT_CLICK,2,NONE
0,25871,BA_LEFT_CLICK,2,NONE
0,25904,BA_LEFT_CLICK,2,NONE
0,25939,BA_LEFT_CLICK,2,NONE
0,25972,BA_LEFT_CLICK,2,NONE
0,26004,BA_LEFT_CLICK,2,NONE
0,26037,BA_LEFT_CLICK,2,NONE
0,26070,BA_LEFT_CLICK,2,NONE
0,26104,BA_LEFT_CLICK,2,NONE
0,26137,BA_LEFT_CLICK,2,NONE
0,26172,BA_LEFT_CLICK,2,NONE
0,26204,BA_LEFT_CLICK,2,NONE
0,26239,BA_LEFT_CLICK,2,NONE
0,26272,BA_LEFT_CLICK,2,NONE
0,26304,BA_LEFT_CLICK,2,NONE
0,26337,BA_LEFT_CLICK,2,NONE
0,26371,BA_LEFT_CLICK,2,NONE
0,26404,BA_LEFT_CLICK,2,NONE
0,26438,BA_LEFT_CLICK,2,NONE
0,26472,BA_LEFT_CLICK,2,NONE
0,26504,BA_LEFT_CLICK,2,NONE
0,26539,BA_LEFT_CLICK,2,NONE
0,26573,BA_LEFT_CLICK,2,NONE
0,26603,BA_LEFT_CLICK,2,NONE
0,26637,BA_LEFT_CLICK,2,NONE
0,26670,BA_LEFT_CLICK,2,NONE
0,26705,BA_LEFT_CLICK,2,NONE
0,26737,BA_LEFT_CLICK,2,NONE
0,26772,BA_LEFT_CLICK,2,NONE
0,26804,BA_LEFT_CLICK,2,NONE
0,26839,BA_LEFT_CLICK,2,NONE
0,26871,BA_LEFT_CLICK,2,NONE
0,26904,BA_LEFT_CLICK,2,NONE
0,26934,BA_LEFT_CLICK,2,NONE
0,26968,BA_LEFT_CLICK,2,NONE
0,27006,BA_LEFT_CLICK,2,NONE
0,27038,BA_LEFT_CLICK,2,NONE
0,27072,BA_LEFT_CLICK,2,NONE
0,27104,BA_LEFT_CLICK,2,NONE
0,27137,BA_LEFT_CLICK,2,LEFT_PRESS
0,27170,BA_LEFT_CLICK,2,LEFT_PRESS
0,27204,BA_LEFT_CLICK,2,LEFT_PRESS
0,27237,BA_LEFT_CLICK,2,LEFT_PRESS
0,27271,BA_LEFT_CLICK,2,LEFT_PRESS
0,27305,BA_LEFT_CLICK,2,LEFT_PRESS
0,27337,BA_LEFT_CLICK,2,LEFT_PRESS
0,27372,BA_LEFT_CLICK,2,LEFT_PRESS
0,27406,BA_LEFT_CLICK,2,LEFT_PRESS
0,27438,BA_LEFT_CLICK,2,LEFT_PRESS
0,27470,BA_LEFT_CLICK,2,LEFT_PRESS
0,27503,BA_LEFT_CLICK,2,LEFT_PRESS
0,27539,BA_LEFT_CLICK,2,LEFT_PRESS
0,27570,BA_LEFT_CLICK,2,LEFT_RELEASE
0,27604,BA_LEFT_CLICK,2,LEFT_RELEASE
0,27638,BA_LEFT_CLICK,2,LEFT_RELEASE
0,27671,BA_LEFT_CLICK,2,LEFT_RELEASE
0,27704,BA_LEFT_CLICK,2,LEFT_RELEASE
0,27737,BA_LEFT_CLICK,2,LEFT_RELEASE
0,27771,BA_LEFT_CLICK,2,LEFT_RELEASE
0,27805,BA_LEFT_CLICK,2,LEFT_RELEASE
0,27837,BA_LEFT_CLICK,2,LEFT_RELEASE
0,27872,BA_LEFT_CLICK,2,LEFT_RELEASE
0,27905,BA_LEFT_CLICK,2,LEFT_RELEASE
0,27939,BA_LEFT_CLICK,2,LEFT_RELEASE
0,27971,BA_LEFT_CLICK,2,LEFT_RELEASE
0,28004,BA_LEFT_CLICK,2,NONE
0,28038,BA_LEFT_CLICK,2,NONE
0,28071,BA_LEFT_CLICK,2,NONE
0,28104,BA_LEFT_CLICK,2,NONE
0,28138,BA_LEFT_CLICK,2,NONE
0,28172,BA_LEFT_CLICK,2,NONE
0,28204,BA_LEFT_CLICK,2,NONE
0,28239,BA_LEFT_CLICK,2,NONE
0,28271,BA_LEFT_CLICK,2,NONE
0,28305,BA_LEFT_CLICK,2,NONE
0,28338,BA_LEFT_CLICK,2,NONE
0,28371,BA_LEFT_CLICK,2,NONE
0,28404,BA_LEFT_CLICK,2,NONE
0,29905,BA_LEFT_CLICK,3,NONE
0,29937,BA_LEFT_CLICK,3,NONE
0,29971,BA_LEFT_CLICK,3,NONE
0,30004,BA_LEFT_CLICK,3,NONE
0,30039,BA_LEFT_CLICK,3,NONE
0,30072,BA_LEFT_CLICK,3,NONE
0,30105,BA_LEFT_CLICK,3,NONE
0,30138,BA_LEFT_CLICK,3,NONE
0,30171,BA_LEFT_CLICK,3,NONE
0,30204,BA_LEFT_CLICK,3,NONE
0,30238,BA_LEFT_CLICK,3,NONE
0,30272,BA_LEFT_CLICK,3,NONE
0,30304,BA_LEFT_CLICK,3,NONE
0,30339,BA_LEFT_CLICK,3,NONE
0,30373,BA_LEFT_CLICK,3,NONE
0,30404,BA_LEFT_CLICK,3,NONE
0,30436,BA_LEFT_CLICK,3,NONE
0,30472,BA_LEFT_CLICK,3,NONE
0,30504,BA_LEFT_CLICK,3,NONE
0,30539,BA_LEFT_CLICK,3,NONE
0,30572,BA_LEFT_CLICK,3,NONE
0,30606,BA_LEFT_CLICK,3,NONE
0,30639,BA_LEFT_CLICK,3,NONE
0,30673,BA_LEFT_CLICK,3,NONE
0,30704,BA_LEFT_CLICK,3,NONE
0,30739,BA_LEFT_CLICK,3,NONE
0,30771,BA_LEFT_CLICK,3,NONE
0,30805,BA_LEFT_CLICK,3,NONE
0,30839,BA_LEFT_CLICK,3,NONE
0,30872,BA_LEFT_CLICK,3,NONE
0,30906,BA_LEFT_CLICK,3,NONE
0,30939,BA_LEFT_CLICK,3,NONE
0,30973,BA_LEFT_CLICK,3,NONE
0,31005,BA_LEFT_CLICK,3,NONE
0,31037,BA_LEFT_CLICK,3,NONE
0,31072,BA_LEFT_CLICK,3,NONE
0,31105,BA_LEFT_CLICK,3,NONE
0,31137,BA_LEFT_CLICK,3,NONE
0,31173,BA_LEFT_CLICK,3,NONE
0,31206,BA_LEFT_CLICK,3,NONE
0,31238,BA_LEFT_CLICK,3,NONE
0,31273,BA_LEFT_CLICK,3,NONE
0,31305,BA_LEFT_CLICK,3,NONE
0,31337,BA_LEFT_CLICK,3,LEFT_PRESS
0,31372,BA_LEFT_CLICK,3,LEFT_PRESS
0,31405,BA_LEFT_CLICK,3,LEFT_PRESS
0,31438,BA_LEFT_CLICK,3,LEFT_PRESS
0,31472,BA_LEFT_CLICK,3,LEFT_PRESS
0,31506,BA_LEFT_CLICK,3,LEFT_PRESS
0,31539,BA_LEFT_CLICK,3,LEFT_PRESS
0,31572,BA_LEFT_CLICK,3,LEFT_PRESS
0,31607,BA_LEFT_CLICK,3,LEFT_PRESS
0,31637,BA_LEFT_CLICK,3,LEFT_PRESS
0,31672,BA_LEFT_CLICK,3,LEFT_RELEASE
0,31705,BA_LEFT_CLICK,3,LEFT_RELEASE
0,31738,BA_LEFT_CLICK,3,LEFT_RELEASE
0,31771,BA_LEFT_CLICK,3,LEFT_RELEASE
0,31805,BA_LEFT_CLICK,3,LEFT_RELEASE
0,31839,BA_LEFT_CLICK,3,LEFT_RELEASE
0,31872,BA_LEFT_CLICK,3,LEFT_RELEASE
0,31908,BA_LEFT_CLICK,3,LEFT_RELEASE
0,31938,BA_LEFT_CLICK,3,LEFT_RELEASE
0,31970,BA_LEFT_CLICK,3,LEFT_RELEASE
0,32005,BA_LEFT_CLICK,3,LEFT_RELEASE
0,32039,BA_LEFT_CLICK,3,LEFT_RELEASE
0,32071,BA_LEFT_CLICK,3,LEFT_RELEASE
0,32105,BA_LEFT_CLICK,3,LEFT_RELEASE
0,32139,BA_LEFT_CLICK,3,LEFT_RELEASE
0,32172,BA_LEFT_CLICK,3,NONE
0,32207,BA_LEFT_CLICK,3,NONE
0,32238,BA_LEFT_CLICK,3,NONE
0,32271,BA_LEFT_CLICK,3,NONE
0,32305,BA_LEFT_CLICK,3,NONE
0,32338,BA_LEFT_CLICK,3,NONE
0,32372,BA_LEFT_CLICK,3,NONE
0,32406,BA_LEFT_CLICK,3,NONE
0,32439,BA_LEFT_CLICK,3,NONE
0,32472,BA_LEFT_CLICK,3,NONE
0,32506,BA_LEFT_CLICK,3,NONE
0,32540,BA_LEFT_CLICK,3,NONE
0,32573,BA_LEFT_CLICK,3,NONE
0,32604,BA_LEFT_CLICK,3,NONE
0,32638,BA_LEFT_CLICK,3,NONE
0,32671,BA_LEFT_CLICK,3,NONE
0,32705,BA_LEFT_CLICK,3,NONE
0,35805,BA_LEFT_CLICK,4,NONE
0,35837,BA_LEFT_CLICK,4,NONE
0,35872,BA_LEFT_CLICK,4,NONE
0,35905,BA_LEFT_CLICK,4,NONE
0,35939,BA_LEFT_CLICK,4,NONE
0,35972,BA_LEFT_CLICK,4,NONE
0,36006,BA_LEFT_CLICK,4,NONE
0,36039,BA_LEFT_CLICK,4,NONE
0,36073,BA_LEFT_CLICK,4,NONE
0,36106,BA_LEFT_CLICK,4,NONE
0,36139,BA_LEFT_CLICK,4,NONE
0,36173,BA_LEFT_CLICK,4,NONE
0,36206,BA_LEFT_CLICK,4,NONE
0,36239,BA_LEFT_CLICK,4,NONE
0,36273,BA_LEFT_CLICK,4,NONE
0,36307,BA_LEFT_CLICK,4,NONE
0,36340,BA_LEFT_CLICK,4,NONE
0,36374,BA_LEFT_CLICK,4,NONE
0,36406,BA_LEFT_CLICK,4,NONE
0,36439,BA_LEFT_CLICK,4,NONE
0,36470,BA_LEFT_CLICK,4,NONE
0,36504,BA_LEFT_CLICK,4,NONE
0,36539,BA_LEFT_CLICK,4,NONE
0,36572,BA_LEFT_CLICK,4,NONE
0,36605,BA_LEFT_CLICK,4,NONE
0,36639,BA_LEFT_CLICK,4,NONE
0,36672,BA_LEFT_CLICK,4,NONE
0,36706,BA_LEFT_CLICK,4,NONE
0,36739,BA_LEFT_CLICK,4,NONE
0,36772,BA_LEFT_CLICK,4,NONE
0,36806,BA_LEFT_CLICK,4,NONE
0,36839,BA_LEFT_CLICK,4,NONE
0,36872,BA_LEFT_CLICK,4,NONE
0,36906,BA_LEFT_CLICK,4,NONE
0,36939,BA_LEFT_CLICK,4,NONE
0,36973,BA_LEFT_CLICK,4,NONE
0,37006,BA_LEFT_CLICK,4,NONE
0,37038,BA_LEFT_CLICK,4,NONE
0,37072,BA_LEFT_CLICK,4,NONE
0,37105,BA_LEFT_CLICK,4,NONE
0,37138,BA_LEFT_CLICK,4,NONE
0,37172,BA_LEFT_CLICK,4,NONE
0,37205,BA_LEFT_CLICK,4,NONE
0,37239,BA_LEFT_CLICK,4,NONE
0,37272,BA_LEFT_CLICK,4,LEFT_PRESS
0,37305,BA_LEFT_CLICK,4,LEFT_PRESS
0,37338,BA_LEFT_CLICK,4,LEFT_PRESS
0,37372,BA_LEFT_CLICK,4,LEFT_PRESS
0,37405,BA_LEFT_CLICK,4,LEFT_PRESS
0,37439,BA_LEFT_CLICK,4,LEFT_PRESS
0,37472,BA_LEFT_CLICK,4,LEFT_PRESS
0,37506,BA_LEFT_CLICK,4,LEFT_PRESS
0,37539,BA_LEFT_CLICK,4,LEFT_PRESS
0,37573,BA_LEFT_CLICK,4,LEFT_PRESS
0,37606,BA_LEFT_CLICK,4,LEFT_RELEASE
0,37640,BA_LEFT_CLICK,4,LEFT_RELEASE
0,37673,BA_LEFT_CLICK,4,LEFT_RELEASE
0,37706,BA_LEFT_CLICK,4,LEFT_RELEASE
0,37740,BA_LEFT_CLICK,4,LEFT_RELEASE
0,37773,BA_LEFT_CLICK,4,LEFT_RELEASE
0,37808,BA_LEFT_CLICK,4,LEFT_RELEASE
0,37841,BA_LEFT_CLICK,4,LEFT_RELEASE
0,37871,BA_LEFT_CLICK,4,LEFT_RELEASE
0,37905,BA_LEFT_CLICK,4,LEFT_RELEASE
0,37939,BA_LEFT_CLICK,4,LEFT_RELEASE
0,37972,BA_LEFT_CLICK,4,LEFT_RELEASE
0,38005,BA_LEFT_CLICK,4,LEFT_RELEASE
0,38039,BA_LEFT_CLICK,4,LEFT_RELEASE
0,38072,BA_LEFT_CLICK,4,LEFT_RELEASE
0,38105,BA_LEFT_CLICK,4,LEFT_RELEASE
0,38139,BA_LEFT_CLICK,4,LEFT_RELEASE
0,38205,BA_LEFT_CLICK,4,NONE
0,38239,BA_LEFT_CLICK,4,NONE
0,38273,BA_LEFT_CLICK,4,NONE
0,38306,BA_LEFT_CLICK,4,NONE
0,39938,BA_LEFT_CLICK,5,NONE
0,39973,BA_LEFT_CLICK,5,NONE
0,40007,BA_LEFT_CLICK,5,NONE
0,40040,BA_LEFT_CLICK,5,NONE
0,40073,BA_LEFT_CLICK,5,NONE
0,40107,BA_LEFT_CLICK,5,NONE
0,40140,BA_LEFT_CLICK,5,NONE
0,40174,BA_LEFT_CLICK,5,NONE
0,40207,BA_LEFT_CLICK,5,NONE
0,40241,BA_LEFT_CLICK,5,NONE
0,40273,BA_LEFT_CLICK,5,NONE
0,40309,BA_LEFT_CLICK,5,NONE
0,40343,BA_LEFT_CLICK,5,NONE
0,40376,BA_LEFT_CLICK,5,NONE
0,40406,BA_LEFT_CLICK,5,NONE
0,40442,BA_LEFT_CLICK,5,NONE
0,41707,BA_LEFT_CLICK,5,LEFT_PRESS
0,41741,BA_LEFT_CLICK,5,LEFT_PRESS
0,41774,BA_LEFT_CLICK,5,LEFT_PRESS
0,41807,BA_LEFT_CLICK,5,LEFT_PRESS
0,41841,BA_LEFT_CLICK,5,LEFT_PRESS
0,41873,BA_LEFT_CLICK,5,LEFT_PRESS
0,41909,BA_LEFT_CLICK,5,LEFT_PRESS
0,41940,BA_LEFT_CLICK,5,LEFT_PRESS
0,41974,BA_LEFT_CLICK,5,LEFT_PRESS
0,42009,BA_LEFT_CLICK,5,LEFT_PRESS
0,42039,BA_LEFT_CLICK,5,LEFT_PRESS
0,42076,BA_LEFT_CLICK,5,LEFT_PRESS
0,42106,BA_LEFT_CLICK,5,LEFT_RELEASE
0,42141,BA_LEFT_CLICK,5,LEFT_RELEASE
0,42176,BA_LEFT_CLICK,5,LEFT_RELEASE
0,42206,BA_LEFT_CLICK,5,LEFT_RELEASE
0,42240,BA_LEFT_CLICK,5,LEFT_RELEASE
0,42274,BA_LEFT_CLICK,5,LEFT_RELEASE
0,42309,BA_LEFT_CLICK,5,LEFT_RELEASE
0,42339,BA_LEFT_CLICK,5,LEFT_RELEASE
0,42377,BA_LEFT_CLICK,5,LEFT_RELEASE
0,42406,BA_LEFT_CLICK,5,LEFT_RELEASE
0,42441,BA_LEFT_CLICK,5,LEFT_RELEASE
0,42474,BA_LEFT_CLICK,5,LEFT_RELEASE
0,42506,BA_LEFT_CLICK,5,LEFT_RELEASE
0,42540,BA_LEFT_CLICK,5,LEFT_RELEASE
0,42574,BA_LEFT_CLICK,5,LEFT_RELEASE
0,42608,BA_LEFT_CLICK,5,NONE
0,42643,BA_LEFT_CLICK,5,NONE
0,42673,BA_LEFT_CLICK,5,NONE
0,42708,BA_LEFT_CLICK,5,NONE
0,42739,BA_LEFT_CLICK,5,NONE
0,44741,BA_LEFT_CLICK,6,NONE
0,44773,BA_LEFT_CLICK,6,NONE
0,44808,BA_LEFT_CLICK,6,NONE
0,44843,BA_LEFT_CLICK,6,NONE
0,44873,BA_LEFT_CLICK,6,NONE
0,44910,BA_LEFT_CLICK,6,NONE
0,44939,BA_LEFT_CLICK,6,NONE
0,44977,BA_LEFT_CLICK,6,NONE
0,45007,BA_LEFT_CLICK,6,NONE
0,45043,BA_LEFT_CLICK,6,NONE
0,45073,BA_LEFT_CLICK,6,NONE
0,45108,BA_LEFT_CLICK,6,NONE
0,45142,BA_LEFT_CLICK,6,NONE
0,45173,BA_LEFT_CLICK,6,NONE
0,45210,BA_LEFT_CLICK,6,NONE
0,45239,BA_LEFT_CLICK,6,NONE
0,45275,BA_LEFT_CLICK,6,NONE
0,45307,BA_LEFT_CLICK,6,NONE
0,45343,BA_LEFT_CLICK,6,NONE
0,45373,BA_LEFT_CLICK,6,NONE
0,45410,BA_LEFT_CLICK,6,NONE
0,45439,BA_LEFT_CLICK,6,NONE
0,45477,BA_LEFT_CLICK,6,NONE
0,45506,BA_LEFT_CLICK,6,NONE
0,45544,BA_LEFT_CLICK,6,NONE
0,45574,BA_LEFT_CLICK,6,NONE
0,45607,BA_LEFT_CLICK,6,NONE
0,45641,BA_LEFT_CLICK,6,NONE
0,45674,BA_LEFT_CLICK,6,NONE
0,45709,BA_LEFT_CLICK,6,NONE
0,45740,BA_LEFT_CLICK,6,NONE
0,45770,BA_LEFT_CLICK,6,LEFT_PRESS
0,45810,BA_LEFT_CLICK,6,LEFT_PRESS
0,45840,BA_LEFT_CLICK,6,LEFT_PRESS
0,45876,BA_LEFT_CLICK,6,LEFT_PRESS
0,45906,BA_LEFT_CLICK,6,LEFT_PRESS
0,45943,BA_LEFT_CLICK,6,LEFT_PRESS
0,45973,BA_LEFT_CLICK,6,LEFT_PRESS
0,46010,BA_LEFT_CLICK,6,LEFT_PRESS
0,46040,BA_LEFT_CLICK,6,LEFT_PRESS
0,46077,BA_LEFT_CLICK,6,LEFT_PRESS
0,46109,BA_LEFT_CLICK,6,LEFT_RELEASE
0,46140,BA_LEFT_CLICK,6,LEFT_RELEASE
0,46177,BA_LEFT_CLICK,6,LEFT_RELEASE
0,46206,BA_LEFT_CLICK,6,LEFT_RELEASE
0,46243,BA_LEFT_CLICK,6,LEFT_RELEASE
0,46273,BA_LEFT_CLICK,6,LEFT_RELEASE
0,46309,BA_LEFT_CLICK,6,LEFT_RELEASE
0,46340,BA_LEFT_CLICK,6,LEFT_RELEASE
0,46376,BA_LEFT_CLICK,6,LEFT_RELEASE
0,46406,BA_LEFT_CLICK,6,LEFT_RELEASE
0,46443,BA_LEFT_CLICK,6,LEFT_RELEASE
0,46473,BA_LEFT_CLICK,6,LEFT_RELEASE
0,46509,BA_LEFT_CLICK,6,LEFT_RELEASE
0,46540,BA_LEFT_CLICK,6,NONE
0,46577,BA_LEFT_CLICK,6,NONE
0,46607,BA_LEFT_CLICK,6,NONE
0,46643,BA_LEFT_CLICK,6,NONE
0,46673,BA_LEFT_CLICK,6,NONE
0,46710,BA_LEFT_CLICK,6,NONE
0,46743,BA_LEFT_CLICK,6,NONE
0,46777,BA_LEFT_CLICK,6,NONE
0,46809,BA_LEFT_CLICK,6,NONE
0,46843,BA_LEFT_CLICK,6,NONE
0,46876,BA_LEFT_CLICK,6,NONE
0,46909,BA_LEFT_CLICK,6,NONE
0,46943,BA_LEFT_CLICK,6,NONE
0,46977,BA_LEFT_CLICK,6,NONE
0,47010,BA_LEFT_CLICK,6,NONE
0,47043,BA_LEFT_CLICK,6,NONE
0,47077,BA_LEFT_CLICK,6,NONE
0,47107,BA_LEFT_CLICK,6,NONE
0,47143,BA_LEFT_CLICK,6,NONE
0,47177,BA_LEFT_CLICK,6,NONE
0,47210,BA_LEFT_CLICK,6,NONE
0,48673,BA_LEFT_CLICK,7,NONE
0,48703,BA_LEFT_CLICK,7,NONE
0,48742,BA_LEFT_CLICK,7,NONE
0,48776,BA_LEFT_CLICK,7,NONE
0,48806,BA_LEFT_CLICK,7,NONE
0,48844,BA_LEFT_CLICK,7,NONE
0,48873,BA_LEFT_CLICK,7,NONE
0,48910,BA_LEFT_CLICK,7,NONE
0,48940,BA_LEFT_CLICK,7,NONE
0,48977,BA_LEFT_CLICK,7,NONE
0,49006,BA_LEFT_CLICK,7,NONE
0,49044,BA_LEFT_CLICK,7,NONE
0,49073,BA_LEFT_CLICK,7,NONE
0,49111,BA_LEFT_CLICK,7,NONE
0,49140,BA_LEFT_CLICK,7,NONE
0,49177,BA_LEFT_CLICK,7,NONE
0,49206,BA_LEFT_CLICK,7,NONE
0,49244,BA_LEFT_CLICK,7,NONE
0,49274,BA_LEFT_CLICK,7,NONE
0,49310,BA_LEFT_CLICK,7,NONE
0,49340,BA_LEFT_CLICK,7,NONE
0,49377,BA_LEFT_CLICK,7,NONE
0,49406,BA_LEFT_CLICK,7,NONE
0,49443,BA_LEFT_CLICK,7,NONE
0,49473,BA_LEFT_CLICK,7,NONE
0,49510,BA_LEFT_CLICK,7,NONE
0,49540,BA_LEFT_CLICK,7,NONE
0,49577,BA_LEFT_CLICK,7,NONE
0,49606,BA_LEFT_CLICK,7,NONE
0,49644,BA_LEFT_CLICK,7,NONE
0,49673,BA_LEFT_CLICK,7,NONE
0,49710,BA_LEFT_CLICK,7,LEFT_PRESS
0,49740,BA_LEFT_CLICK,7,LEFT_PRESS
0,49777,BA_LEFT_CLICK,7,LEFT_PRESS
0,49806,BA_LEFT_CLICK,7,LEFT_PRESS
0,49843,BA_LEFT_CLICK,7,LEFT_PRESS
0,49873,BA_LEFT_CLICK,7,LEFT_PRESS
0,49910,BA_LEFT_CLICK,7,LEFT_PRESS
0,49940,BA_LEFT_CLICK,7,LEFT_PRESS
0,49977,BA_LEFT_CLICK,7,LEFT_PRESS
0,50006,BA_LEFT_CLICK,7,LEFT_PRESS
0,50043,BA_LEFT_CLICK,7,LEFT_PRESS
0,50074,BA_LEFT_CLICK,7,LEFT_RELEASE
0,50110,BA_LEFT_CLICK,7,LEFT_RELEASE
0,50139,BA_LEFT_CLICK,7,LEFT_RELEASE
0,50177,BA_LEFT_CLICK,7,LEFT_RELEASE
0,50207,BA_LEFT_CLICK,7,LEFT_RELEASE
0,50244,BA_LEFT_CLICK,7,LEFT_RELEASE
0,50274,BA_LEFT_CLICK,7,LEFT_RELEASE
0,50310,BA_LEFT_CLICK,7,LEFT_RELEASE
0,50340,BA_LEFT_CLICK,7,LEFT_RELEASE
0,50377,BA_LEFT_CLICK,7,LEFT_RELEASE
0,50408,BA_LEFT_CLICK,7,LEFT_RELEASE
0,50443,BA_LEFT_CLICK,7,LEFT_RELEASE
0,50474,BA_LEFT_CLICK,7,LEFT_RELEASE
0,50506,BA_LEFT_CLICK,7,LEFT_RELEASE
0,50541,BA_LEFT_CLICK,7,LEFT_RELEASE
0,52340,BA_LEFT_CLICK,8,NONE
0,52376,BA_LEFT_CLICK,8,NONE
0,52407,BA_LEFT_CLICK,8,NONE
0,52443,BA_LEFT_CLICK,8,NONE
0,52473,BA_LEFT_CLICK,8,NONE
0,52510,BA_LEFT_CLICK,8,NONE
0,52541,BA_LEFT_CLICK,8,NONE
0,52577,BA_LEFT_CLICK,8,NONE
0,52606,BA_LEFT_CLICK,8,NONE
0,52644,BA_LEFT_CLICK,8,NONE
0,52674,BA_LEFT_CLICK,8,NONE
0,52710,BA_LEFT_CLICK,8,NONE
0,52740,BA_LEFT_CLICK,8,NONE
0,52777,BA_LEFT_CLICK,8,NONE
0,52807,BA_LEFT_CLICK,8,NONE
0,52843,BA_LEFT_CLICK,8,NONE
0,52874,BA_LEFT_CLICK,8,NONE
0,52910,BA_LEFT_CLICK,8,NONE
0,52940,BA_LEFT_CLICK,8,NONE
0,52977,BA_LEFT_CLICK,8,NONE
0,53007,BA_LEFT_CLICK,8,NONE
0,53043,BA_LEFT_CLICK,8,NONE
0,53073,BA_LEFT_CLICK,8,NONE
0,53105,BA_LEFT_CLICK,8,NONE
0,53140,BA_LEFT_CLICK,8,NONE
0,53172,BA_LEFT_CLICK,8,NONE
0,53206,BA_LEFT_CLICK,8,NONE
0,53239,BA_LEFT_CLICK,8,NONE
0,53273,BA_LEFT_CLICK,8,NONE
0,53306,BA_LEFT_CLICK,8,NONE
0,53339,BA_LEFT_CLICK,8,NONE
0,53374,BA_LEFT_CLICK,8,LEFT_PRESS
0,53407,BA_LEFT_CLICK,8,LEFT_PRESS
0,53440,BA_LEFT_CLICK,8,LEFT_PRESS
0,53474,BA_LEFT_CLICK,8,LEFT_PRESS
0,53507,BA_LEFT_CLICK,8,LEFT_PRESS
0,53541,BA_LEFT_CLICK,8,LEFT_PRESS
0,53574,BA_LEFT_CLICK,8,LEFT_PRESS
0,53605,BA_LEFT_CLICK,8,LEFT_PRESS
0,53643,BA_LEFT_CLICK,8,LEFT_PRESS
0,53673,BA_LEFT_CLICK,8,LEFT_PRESS
0,53706,BA_LEFT_CLICK,8,LEFT_PRESS
0,53744,BA_LEFT_CLICK,8,LEFT_RELEASE
0,53773,BA_LEFT_CLICK,8,LEFT_RELEASE
0,53810,BA_LEFT_CLICK,8,LEFT_RELEASE
0,53840,BA_LEFT_CLICK,8,LEFT_RELEASE
0,53877,BA_LEFT_CLICK,8,LEFT_RELEASE
0,53907,BA_LEFT_CLICK,8,LEFT_RELEASE
0,53944,BA_LEFT_CLICK,8,LEFT_RELEASE
0,53973,BA_LEFT_CLICK,8,LEFT_RELEASE
0,54011,BA_LEFT_CLICK,8,LEFT_RELEASE
0,54041,BA_LEFT_CLICK,8,LEFT_RELEASE
0,54077,BA_LEFT_CLICK,8,LEFT_RELEASE
0,54107,BA_LEFT_CLICK,8,LEFT_RELEASE
0,54143,BA_LEFT_CLICK,8,LEFT_RELEASE
0,54173,BA_LEFT_CLICK,8,LEFT_RELEASE
0,54210,BA_LEFT_CLICK,8,LEFT_RELEASE
0,54240,BA_LEFT_CLICK,8,LEFT_RELEASE
0,54277,BA_LEFT_CLICK,8,NONE
0,54306,BA_LEFT_CLICK,8,NONE
0,54343,BA_LEFT_CLICK,8,NONE
0,54373,BA_LEFT_CLICK,8,NONE
0,54411,BA_LEFT_CLICK,8,NONE
0,54441,BA_LEFT_CLICK,8,NONE
0,54478,BA_LEFT_CLICK,8,NONE
0,54510,BA_LEFT_CLICK,8,NONE
0,54543,BA_LEFT_CLICK,8,NONE
0,56573,BA_LEFT_CLICK,9,NONE
0,56608,BA_LEFT_CLICK,9,NONE
0,56644,BA_LEFT_CLICK,9,NONE
0,56678,BA_LEFT_CLICK,9,NONE
0,56708,BA_LEFT_CLICK,9,NONE
0,56745,BA_LEFT_CLICK,9,NONE
0,56775,BA_LEFT_CLICK,9,NONE
0,56809,BA_LEFT_CLICK,9,NONE
0,56841,BA_LEFT_CLICK,9,NONE
0,56878,BA_LEFT_CLICK,9,NONE
0,56907,BA_LEFT_CLICK,9,NONE
0,56945,BA_LEFT_CLICK,9,NONE
0,56974,BA_LEFT_CLICK,9,NONE
0,57011,BA_LEFT_CLICK,9,NONE
0,57040,BA_LEFT_CLICK,9,NONE
0,57076,BA_LEFT_CLICK,9,NONE
0,57106,BA_LEFT_CLICK,9,NONE
0,57141,BA_LEFT_CLICK,9,NONE
0,57173,BA_LEFT_CLICK,9,NONE
0,57207,BA_LEFT_CLICK,9,NONE
0,57240,BA_LEFT_CLICK,9,NONE
0,57273,BA_LEFT_CLICK,9,NONE
0,57307,BA_LEFT_CLICK,9,NONE
0,57341,BA_LEFT_CLICK,9,NONE
0,57374,BA_LEFT_CLICK,9,NONE
0,57407,BA_LEFT_CLICK,9,NONE
0,57441,BA_LEFT_CLICK,9,NONE
0,57475,BA_LEFT_CLICK,9,NONE
0,57508,BA_LEFT_CLICK,9,NONE
0,57542,BA_LEFT_CLICK,9,NONE
0,57574,BA_LEFT_CLICK,9,NONE
0,57610,BA_LEFT_CLICK,9,LEFT_PRESS
0,57641,BA_LEFT_CLICK,9,LEFT_PRESS
0,57678,BA_LEFT_CLICK,9,LEFT_PRESS
0,57707,BA_LEFT_CLICK,9,LEFT_PRESS
0,57744,BA_LEFT_CLICK,9,LEFT_PRESS
0,57774,BA_LEFT_CLICK,9,LEFT_PRESS
0,57811,BA_LEFT_CLICK,9,LEFT_PRESS
0,57841,BA_LEFT_CLICK,9,LEFT_PRESS
0,57877,BA_LEFT_CLICK,9,LEFT_RELEASE
0,57908,BA_LEFT_CLICK,9,LEFT_RELEASE
0,57944,BA_LEFT_CLICK,9,LEFT_RELEASE
0,57975,BA_LEFT_CLICK,9,LEFT_RELEASE
0,58010,BA_LEFT_CLICK,9,LEFT_RELEASE
0,58041,BA_LEFT_CLICK,9,LEFT_RELEASE
0,58078,BA_LEFT_CLICK,9,LEFT_RELEASE
0,58108,BA_LEFT_CLICK,9,LEFT_RELEASE
0,58144,BA_LEFT_CLICK,9,LEFT_RELEASE
0,58174,BA_LEFT_CLICK,9,LEFT_RELEASE
0,58212,BA_LEFT_CLICK,9,LEFT_RELEASE
0,58241,BA_LEFT_CLICK,9,LEFT_RELEASE
0,58277,BA_LEFT_CLICK,9,LEFT_RELEASE
0,58308,BA_LEFT_CLICK,9,LEFT_RELEASE
0,58343,BA_LEFT_CLICK,9,NONE
0,58374,BA_LEFT_CLICK,9,NONE
0,58411,BA_LEFT_CLICK,9,NONE
0,58441,BA_LEFT_CLICK,9,NONE
0,58478,BA_LEFT_CLICK,9,NONE
0,58508,BA_LEFT_CLICK,9,NONE
0,58544,BA_LEFT_CLICK,9,NONE
0,58577,BA_LEFT_CLICK,9,NONE
0,58610,BA_LEFT_CLICK,9,NONE
0,58644,BA_LEFT_CLICK,9,NONE
0,58677,BA_LEFT_CLICK,9,NONE
0,64372,BA_RIGHT_CLICK,0,NONE
0,64408,BA_RIGHT_CLICK,0,NONE
0,64441,BA_RIGHT_CLICK,0,NONE
0,64475,BA_RIGHT_CLICK,0,NONE
0,64508,BA_RIGHT_CLICK,0,NONE
0,64543,BA_RIGHT_CLICK,0,NONE
0,64575,BA_RIGHT_CLICK,0,NONE
0,64612,BA_RIGHT_CLICK,0,NONE
0,64642,BA_RIGHT_CLICK,0,NONE
0,64679,BA_RIGHT_CLICK,0,NONE
0,64709,BA_RIGHT_CLICK,0,NONE
0,64742,BA_RIGHT_CLICK,0,NONE
0,64775,BA_RIGHT_CLICK,0,NONE
0,64812,BA_RIGHT_CLICK,0,NONE
0,64841,BA_RIGHT_CLICK,0,NONE
0,64877,BA_RIGHT_CLICK,0,NONE
0,64908,BA_RIGHT_CLICK,0,NONE
0,64945,BA_RIGHT_CLICK,0,NONE
0,64974,BA_RIGHT_CLICK,0,NONE
0,65011,BA_RIGHT_CLICK,0,NONE
0,65041,BA_RIGHT_CLICK,0,NONE
0,65077,BA_RIGHT_CLICK,0,NONE
0,65108,BA_RIGHT_CLICK,0,NONE
0,65141,BA_RIGHT_CLICK,0,NONE
0,65174,BA_RIGHT_CLICK,0,NONE
0,65208,BA_RIGHT_CLICK,0,NONE
0,65241,BA_RIGHT_CLICK,0,NONE
0,65275,BA_RIGHT_CLICK,0,NONE
0,65308,BA_RIGHT_CLICK,0,NONE
0,65341,BA_RIGHT_CLICK,0,NONE
0,65374,BA_RIGHT_CLICK,0,NONE
0,65408,BA_RIGHT_CLICK,0,NONE
0,65441,BA_RIGHT_CLICK,0,NONE
0,65475,BA_RIGHT_CLICK,0,NONE
0,65508,BA_RIGHT_CLICK,0,NONE
0,65543,BA_RIGHT_CLICK,0,NONE
0,65575,BA_RIGHT_CLICK,0,NONE
0,65610,BA_RIGHT_CLICK,0,NONE
0,65641,BA_RIGHT_CLICK,0,NONE
0,65676,BA_RIGHT_CLICK,0,NONE
0,65708,BA_RIGHT_CLICK,0,NONE
0,65742,BA_RIGHT_CLICK,0,NONE
0,65776,BA_RIGHT_CLICK,0,NONE
0,65809,BA_RIGHT_CLICK,0,RIGHT_PRESS
0,65842,BA_RIGHT_CLICK,0,RIGHT_PRESS
0,65875,BA_RIGHT_CLICK,0,RIGHT_PRESS
0,65909,BA_RIGHT_CLICK,0,RIGHT_PRESS
0,65944,BA_RIGHT_CLICK,0,RIGHT_PRESS
0,65975,BA_RIGHT_CLICK,0,RIGHT_PRESS
0,66008,BA_RIGHT_CLICK,0,RIGHT_PRESS
0,66045,BA_RIGHT_CLICK,0,RIGHT_PRESS
0,66074,BA_RIGHT_CLICK,0,RIGHT_PRESS
0,66108,BA_RIGHT_CLICK,0,RIGHT_PRESS
0,66141,BA_RIGHT_CLICK,0,RIGHT_RELEASE
0,66174,BA_RIGHT_CLICK,0,RIGHT_RELEASE
0,66208,BA_RIGHT_CLICK,0,RIGHT_RELEASE
0,66241,BA_RIGHT_CLICK,0,RIGHT_RELEASE
0,66274,BA_RIGHT_CLICK,0,RIGHT_RELEASE
0,66308,BA_RIGHT_CLICK,0,RIGHT_RELEASE
0,66341,BA_RIGHT_CLICK,0,RIGHT_RELEASE
0,66375,BA_RIGHT_CLICK,0,RIGHT_RELEASE
0,66408,BA_RIGHT_CLICK,0,RIGHT_RELEASE
0,66441,BA_RIGHT_CLICK,0,RIGHT_RELEASE
0,66475,BA_RIGHT_CLICK,0,RIGHT_RELEASE
0,66509,BA_RIGHT_CLICK,0,RIGHT_RELEASE
0,66543,BA_RIGHT_CLICK,0,RIGHT_RELEASE
0,66575,BA_RIGHT_CLICK,0,RIGHT_RELEASE
0,66613,BA_RIGHT_CLICK,0,RIGHT_RELEASE
0,66643,BA_RIGHT_CLICK,0,NONE
0,66675,BA_RIGHT_CLICK,0,NONE
0,66711,BA_RIGHT_CLICK,0,NONE
0,66741,BA_RIGHT_CLICK,0,NONE
0,66778,BA_RIGHT_CLICK,0,NONE
0,66809,BA_RIGHT_CLICK,0,NONE
0,66842,BA_RIGHT_CLICK,0,NONE
0,66875,BA_RIGHT_CLICK,0,NONE
0,66909,BA_RIGHT_CLICK,0,NONE
0,66941,BA_RIGHT_CLICK,0,NONE
0,66977,BA_RIGHT_CLICK,0,NONE
0,67008,BA_RIGHT_CLICK,0,NONE
0,68642,BA_RIGHT_CLICK,1,NONE
0,68676,BA_RIGHT_CLICK,1,NONE
0,68706,BA_RIGHT_CLICK,1,NONE
0,68742,BA_RIGHT_CLICK,1,NONE
0,68778,BA_RIGHT_CLICK,1,NONE
0,68810,BA_RIGHT_CLICK,1,NONE
0,68844,BA_RIGHT_CLICK,1,NONE
0,68876,BA_RIGHT_CLICK,1,NONE
0,68910,BA_RIGHT_CLICK,1,NONE
0,68942,BA_RIGHT_CLICK,1,NONE
0,68978,BA_RIGHT_CLICK,1,NONE
0,69011,BA_RIGHT_CLICK,1,NONE
0,69044,BA_RIGHT_CLICK,1,NONE
0,69077,BA_RIGHT_CLICK,1,NONE
0,69111,BA_RIGHT_CLICK,1,NONE
0,69143,BA_RIGHT_CLICK,1,NONE
0,69175,BA_RIGHT_CLICK,1,NONE
0,69206,BA_RIGHT_CLICK,1,NONE
0,69246,BA_RIGHT_CLICK,1,NONE
0,69276,BA_RIGHT_CLICK,1,NONE
0,69309,BA_RIGHT_CLICK,1,NONE
0,69347,BA_RIGHT_CLICK,1,NONE
0,69377,BA_RIGHT_CLICK,1,NONE
0,69410,BA_RIGHT_CLICK,1,NONE
0,69446,BA_RIGHT_CLICK,1,NONE
0,69476,BA_RIGHT_CLICK,1,NONE
0,69510,BA_RIGHT_CLICK,1,NONE
0,69543,BA_RIGHT_CLICK,1,NONE
0,69577,BA_RIGHT_CLICK,1,NONE
0,69611,BA_RIGHT_CLICK,1,NONE
0,69644,BA_RIGHT_CLICK,1,NONE
0,69677,BA_RIGHT_CLICK,1,NONE
0,69712,BA_RIGHT_CLICK,1,NONE
0,69745,BA_RIGHT_CLICK,1,NONE
0,69778,BA_RIGHT_CLICK,1,NONE
0,69810,BA_RIGHT_CLICK,1,NONE
0,69844,BA_RIGHT_CLICK,1,RIGHT_PRESS
0,69877,BA_RIGHT_CLICK,1,RIGHT_PRESS
0,69911,BA_RIGHT_CLICK,1,RIGHT_PRESS
0,69944,BA_RIGHT_CLICK,1,RIGHT_PRESS
0,69978,BA_RIGHT_CLICK,1,RIGHT_PRESS
0,70011,BA_RIGHT_CLICK,1,RIGHT_PRESS
0,70043,BA_RIGHT_CLICK,1,RIGHT_PRESS
0,70080,BA_RIGHT_CLICK,1,RIGHT_PRESS
0,70110,BA_RIGHT_CLICK,1,RIGHT_PRESS
0,70143,BA_RIGHT_CLICK,1,RIGHT_PRESS
0,70178,BA_RIGHT_CLICK,1,RIGHT_RELEASE
0,70212,BA_RIGHT_CLICK,1,RIGHT_RELEASE
0,70243,BA_RIGHT_CLICK,1,RIGHT_RELEASE
0,70280,BA_RIGHT_CLICK,1,RIGHT_RELEASE
0,70309,BA_RIGHT_CLICK,1,RIGHT_RELEASE
0,70344,BA_RIGHT_CLICK,1,RIGHT_RELEASE
0,70376,BA_RIGHT_CLICK,1,RIGHT_RELEASE
0,70412,BA_RIGHT_CLICK,1,RIGHT_RELEASE
0,70442,BA_RIGHT_CLICK,1,RIGHT_RELEASE
0,70480,BA_RIGHT_CLICK,1,RIGHT_RELEASE
0,70510,BA_RIGHT_CLICK,1,RIGHT_RELEASE
0,70545,BA_RIGHT_CLICK,1,RIGHT_RELEASE
0,70578,BA_RIGHT_CLICK,1,RIGHT_RELEASE
0,70612,BA_RIGHT_CLICK,1,RIGHT_RELEASE
0,70644,BA_RIGHT_CLICK,1,NONE
0,72478,BA_RIGHT_CLICK,2,NONE
0,72511,BA_RIGHT_CLICK,2,NONE
0,72545,BA_RIGHT_CLICK,2,NONE
0,72578,BA_RIGHT_CLICK,2,NONE
0,72612,BA_RIGHT_CLICK,2,NONE
0,72645,BA_RIGHT_CLICK,2,NONE
0,72678,BA_RIGHT_CLICK,2,NONE
0,72712,BA_RIGHT_CLICK,2,NONE
0,72745,BA_RIGHT_CLICK,2,NONE
0,72779,BA_RIGHT_CLICK,2,NONE
0,72812,BA_RIGHT_CLICK,2,NONE
0,72845,BA_RIGHT_CLICK,2,NONE
0,72879,BA_RIGHT_CLICK,2,NONE
0,72912,BA_RIGHT_CLICK,2,NONE
0,72945,BA_RIGHT_CLICK,2,NONE
0,72978,BA_RIGHT_CLICK,2,NONE
0,73012,BA_RIGHT_CLICK,2,NONE
0,73044,BA_RIGHT_CLICK,2,NONE
0,73078,BA_RIGHT_CLICK,2,NONE
0,73112,BA_RIGHT_CLICK,2,NONE
0,73145,BA_RIGHT_CLICK,2,NONE
0,73178,BA_RIGHT_CLICK,2,NONE
0,73212,BA_RIGHT_CLICK,2,NONE
0,73245,BA_RIGHT_CLICK,2,NONE
0,73279,BA_RIGHT_CLICK,2,NONE
0,73312,BA_RIGHT_CLICK,2,NONE
0,73345,BA_RIGHT_CLICK,2,NONE
0,73379,BA_RIGHT_CLICK,2,NONE
0,73407,BA_RIGHT_CLICK,2,NONE
0,73440,BA_RIGHT_CLICK,2,NONE
0,73474,BA_RIGHT_CLICK,2,NONE
0,73513,BA_RIGHT_CLICK,2,NONE
0,73544,BA_RIGHT_CLICK,2,NONE
0,73578,BA_RIGHT_CLICK,2,NONE
0,73611,BA_RIGHT_CLICK,2,NONE
0,73645,BA_RIGHT_CLICK,2,NONE
0,73679,BA_RIGHT_CLICK,2,NONE
0,73706,BA_RIGHT_CLICK,2,NONE
0,73746,BA_RIGHT_CLICK,2,NONE
0,73778,BA_RIGHT_CLICK,2,NONE
0,73812,BA_RIGHT_CLICK,2,NONE
0,73845,BA_RIGHT_CLICK,2,NONE
0,73878,BA_RIGHT_CLICK,2,NONE
0,73912,BA_RIGHT_CLICK,2,NONE
0,73945,BA_RIGHT_CLICK,2,NONE
0,73979,BA_RIGHT_CLICK,2,NONE
0,74012,BA_RIGHT_CLICK,2,NONE
0,74045,BA_RIGHT_CLICK,2,NONE
0,74079,BA_RIGHT_CLICK,2,NONE
0,74112,BA_RIGHT_CLICK,2,NONE
0,74145,BA_RIGHT_CLICK,2,NONE
0,74179,BA_RIGHT_CLICK,2,RIGHT_PRESS
0,74211,BA_RIGHT_CLICK,2,RIGHT_PRESS
0,74245,BA_RIGHT_CLICK,2,RIGHT_PRESS
0,74279,BA_RIGHT_CLICK,2,RIGHT_PRESS
0,74312,BA_RIGHT_CLICK,2,RIGHT_PRESS
0,74345,BA_RIGHT_CLICK,2,RIGHT_PRESS
0,74379,BA_RIGHT_CLICK,2,RIGHT_PRESS
0,74412,BA_RIGHT_CLICK,2,RIGHT_PRESS
0,74445,BA_RIGHT_CLICK,2,RIGHT_RELEASE
0,74479,BA_RIGHT_CLICK,2,RIGHT_RELEASE
0,74512,BA_RIGHT_CLICK,2,RIGHT_RELEASE
0,74546,BA_RIGHT_CLICK,2,RIGHT_RELEASE
0,74579,BA_RIGHT_CLICK,2,RIGHT_RELEASE
0,74612,BA_RIGHT_CLICK,2,RIGHT_RELEASE
0,74645,BA_RIGHT_CLICK,2,RIGHT_RELEASE
0,74679,BA_RIGHT_CLICK,2,RIGHT_RELEASE
0,74712,BA_RIGHT_CLICK,2,RIGHT_RELEASE
0,74745,BA_RIGHT_CLICK,2,RIGHT_RELEASE
0,74779,BA_RIGHT_CLICK,2,RIGHT_RELEASE
0,74812,BA_RIGHT_CLICK,2,RIGHT_RELEASE
0,74844,BA_RIGHT_CLICK,2,RIGHT_RELEASE
0,74879,BA_RIGHT_CLICK,2,NONE
0,74912,BA_RIGHT_CLICK,2,NONE
0,74945,BA_RIGHT_CLICK,2,NONE
0,74979,BA_RIGHT_CLICK,2,NONE
0,75012,BA_RIGHT_CLICK,2,NONE
0,75045,BA_RIGHT_CLICK,2,NONE
0,75079,BA_RIGHT_CLICK,2,NONE
0,75112,BA_RIGHT_CLICK,2,NONE
0,75146,BA_RIGHT_CLICK,2,NONE
0,75179,BA_RIGHT_CLICK,2,NONE
0,75212,BA_RIGHT_CLICK,2,NONE
0,75245,BA_RIGHT_CLICK,2,NONE
0,75279,BA_RIGHT_CLICK,2,NONE
0,75312,BA_RIGHT_CLICK,2,NONE
0,75345,BA_RIGHT_CLICK,2,NONE
0,75379,BA_RIGHT_CLICK,2,NONE
0,75412,BA_RIGHT_CLICK,2,NONE
0,75445,BA_RIGHT_CLICK,2,NONE
0,75479,BA_RIGHT_CLICK,2,NONE
0,75511,BA_RIGHT_CLICK,2,NONE
0,75546,BA_RIGHT_CLICK,2,NONE
0,75579,BA_RIGHT_CLICK,2,NONE
0,75612,BA_RIGHT_CLICK,2,NONE
0,75646,BA_RIGHT_CLICK,2,NONE
0,75679,BA_RIGHT_CLICK,2,NONE
0,75712,BA_RIGHT_CLICK,2,NONE
0,75746,BA_RIGHT_CLICK,2,NONE
0,75779,BA_RIGHT_CLICK,2,NONE
0,77210,BA_RIGHT_CLICK,3,NONE
0,77244,BA_RIGHT_CLICK,3,NONE
0,77278,BA_RIGHT_CLICK,3,NONE
0,77312,BA_RIGHT_CLICK,3,NONE
0,77346,BA_RIGHT_CLICK,3,NONE
0,77378,BA_RIGHT_CLICK,3,NONE
0,77412,BA_RIGHT_CLICK,3,NONE
0,77446,BA_RIGHT_CLICK,3,NONE
0,77478,BA_RIGHT_CLICK,3,NONE
0,77511,BA_RIGHT_CLICK,3,NONE
0,77545,BA_RIGHT_CLICK,3,NONE
0,77579,BA_RIGHT_CLICK,3,NONE
0,77612,BA_RIGHT_CLICK,3,NONE
0,77646,BA_RIGHT_CLICK,3,NONE
0,77679,BA_RIGHT_CLICK,3,NONE
0,77712,BA_RIGHT_CLICK,3,NONE
0,77746,BA_RIGHT_CLICK,3,NONE
0,77779,BA_RIGHT_CLICK,3,NONE
0,77812,BA_RIGHT_CLICK,3,NONE
0,77845,BA_RIGHT_CLICK,3,NONE
0,77879,BA_RIGHT_CLICK,3,NONE
0,77913,BA_RIGHT_CLICK,3,NONE
0,77946,BA_RIGHT_CLICK,3,NONE
0,77979,BA_RIGHT_CLICK,3,NONE
0,78012,BA_RIGHT_CLICK,3,NONE
0,78045,BA_RIGHT_CLICK,3,NONE
0,78079,BA_RIGHT_CLICK,3,NONE
0,78112,BA_RIGHT_CLICK,3,NONE
0,78145,BA_RIGHT_CLICK,3,NONE
0,78179,BA_RIGHT_CLICK,3,NONE
0,78212,BA_RIGHT_CLICK,3,NONE
0,78241,BA_RIGHT_CLICK,3,NONE
0,78275,BA_RIGHT_CLICK,3,NONE
0,78314,BA_RIGHT_CLICK,3,NONE
0,78345,BA_RIGHT_CLICK,3,NONE
0,78379,BA_RIGHT_CLICK,3,NONE
0,78412,BA_RIGHT_CLICK,3,NONE
0,78446,BA_RIGHT_CLICK,3,NONE
0,78479,BA_RIGHT_CLICK,3,NONE
0,78513,BA_RIGHT_CLICK,3,NONE
0,78545,BA_RIGHT_CLICK,3,NONE
0,78580,BA_RIGHT_CLICK,3,NONE
0,78613,BA_RIGHT_CLICK,3,NONE
0,78646,BA_RIGHT_CLICK,3,NONE
0,78679,BA_RIGHT_CLICK,3,NONE
0,78707,BA_RIGHT_CLICK,3,NONE
0,78747,BA_RIGHT_CLICK,3,NONE
0,78778,BA_RIGHT_CLICK,3,NONE
0,78812,BA_RIGHT_CLICK,3,NONE
0,78846,BA_RIGHT_CLICK,3,NONE
0,78879,BA_RIGHT_CLICK,3,NONE
0,78912,BA_RIGHT_CLICK,3,NONE
0,78946,BA_RIGHT_CLICK,3,NONE
0,78979,BA_RIGHT_CLICK,3,NONE
0,79012,BA_RIGHT_CLICK,3,NONE
0,79045,BA_RIGHT_CLICK,3,NONE
0,79079,BA_RIGHT_CLICK,3,NONE
0,79113,BA_RIGHT_CLICK,3,NONE
0,79146,BA_RIGHT_CLICK,3,NONE
0,79179,BA_RIGHT_CLICK,3,NONE
0,79213,BA_RIGHT_CLICK,3,NONE
0,79246,BA_RIGHT_CLICK,3,NONE
0,79279,BA_RIGHT_CLICK,3,NONE
0,79313,BA_RIGHT_CLICK,3,NONE
0,79346,BA_RIGHT_CLICK,3,NONE
0,79380,BA_RIGHT_CLICK,3,NONE
0,79413,BA_RIGHT_CLICK,3,NONE
0,79445,BA_RIGHT_CLICK,3,NONE
0,79480,BA_RIGHT_CLICK,3,NONE
0,79512,BA_RIGHT_CLICK,3,NONE
0,79546,BA_RIGHT_CLICK,3,NONE
0,79578,BA_RIGHT_CLICK,3,NONE
0,79613,BA_RIGHT_CLICK,3,NONE
0,79646,BA_RIGHT_CLICK,3,NONE
0,79680,BA_RIGHT_CLICK,3,NONE
0,79712,BA_RIGHT_CLICK,3,NONE
0,79746,BA_RIGHT_CLICK,3,NONE
0,79779,BA_RIGHT_CLICK,3,NONE
0,79813,BA_RIGHT_CLICK,3,NONE
0,79846,BA_RIGHT_CLICK,3,NONE
0,79880,BA_RIGHT_CLICK,3,NONE
0,79913,BA_RIGHT_CLICK,3,NONE
0,79946,BA_RIGHT_CLICK,3,NONE
0,79979,BA_RIGHT_CLICK,3,NONE
0,80012,BA_RIGHT_CLICK,3,RIGHT_PRESS
0,80046,BA_RIGHT_CLICK,3,RIGHT_PRESS
0,80079,BA_RIGHT_CLICK,3,RIGHT_PRESS
0,80113,BA_RIGHT_CLICK,3,RIGHT_PRESS
0,80145,BA_RIGHT_CLICK,3,RIGHT_PRESS
0,80179,BA_RIGHT_CLICK,3,RIGHT_PRESS
0,80213,BA_RIGHT_CLICK,3,RIGHT_PRESS
0,80246,BA_RIGHT_CLICK,3,RIGHT_PRESS
0,80280,BA_RIGHT_CLICK,3,RIGHT_PRESS
0,80313,BA_RIGHT_CLICK,3,RIGHT_PRESS
0,80346,BA_RIGHT_CLICK,3,RIGHT_RELEASE
0,80381,BA_RIGHT_CLICK,3,RIGHT_RELEASE
0,80412,BA_RIGHT_CLICK,3,RIGHT_RELEASE
0,80446,BA_RIGHT_CLICK,3,RIGHT_RELEASE
0,80480,BA_RIGHT_CLICK,3,RIGHT_RELEASE
0,80512,BA_RIGHT_CLICK,3,RIGHT_RELEASE
0,80547,BA_RIGHT_CLICK,3,RIGHT_RELEASE
0,80579,BA_RIGHT_CLICK,3,RIGHT_RELEASE
0,80611,BA_RIGHT_CLICK,3,RIGHT_RELEASE
0,80645,BA_RIGHT_CLICK,3,RIGHT_RELEASE
0,80680,BA_RIGHT_CLICK,3,RIGHT_RELEASE
0,80713,BA_RIGHT_CLICK,3,RIGHT_RELEASE
0,80746,BA_RIGHT_CLICK,3,RIGHT_RELEASE
0,80780,BA_RIGHT_CLICK,3,RIGHT_RELEASE
0,80813,BA_RIGHT_CLICK,3,RIGHT_RELEASE
0,80847,BA_RIGHT_CLICK,3,NONE
0,80880,BA_RIGHT_CLICK,3,NONE
0,80913,BA_RIGHT_CLICK,3,NONE
0,82145,BA_RIGHT_CLICK,4,NONE
0,82179,BA_RIGHT_CLICK,4,NONE
0,82213,BA_RIGHT_CLICK,4,NONE
0,82246,BA_RIGHT_CLICK,4,NONE
0,82279,BA_RIGHT_CLICK,4,NONE
0,82313,BA_RIGHT_CLICK,4,NONE
0,82347,BA_RIGHT_CLICK,4,NONE
0,82379,BA_RIGHT_CLICK,4,NONE
0,82413,BA_RIGHT_CLICK,4,NONE
0,82446,BA_RIGHT_CLICK,4,NONE
0,82480,BA_RIGHT_CLICK,4,NONE
0,82508,BA_RIGHT_CLICK,4,NONE
0,82546,BA_RIGHT_CLICK,4,NONE
0,82579,BA_RIGHT_CLICK,4,NONE
0,82613,BA_RIGHT_CLICK,4,NONE
0,82646,BA_RIGHT_CLICK,4,NONE
0,82678,BA_RIGHT_CLICK,4,NONE
0,82713,BA_RIGHT_CLICK,4,NONE
0,82745,BA_RIGHT_CLICK,4,NONE
0,82780,BA_RIGHT_CLICK,4,NONE
0,82812,BA_RIGHT_CLICK,4,NONE
0,82847,BA_RIGHT_CLICK,4,NONE
0,82879,BA_RIGHT_CLICK,4,NONE
0,82914,BA_RIGHT_CLICK,4,NONE
0,82947,BA_RIGHT_CLICK,4,NONE
0,82980,BA_RIGHT_CLICK,4,NONE
0,83013,BA_RIGHT_CLICK,4,NONE
0,83047,BA_RIGHT_CLICK,4,NONE
0,83080,BA_RIGHT_CLICK,4,NONE
0,83112,BA_RIGHT_CLICK,4,NONE
0,83146,BA_RIGHT_CLICK,4,NONE
0,83180,BA_RIGHT_CLICK,4,NONE
0,83213,BA_RIGHT_CLICK,4,NONE
0,83247,BA_RIGHT_CLICK,4,NONE
0,83279,BA_RIGHT_CLICK,4,NONE
0,83314,BA_RIGHT_CLICK,4,NONE
0,83347,BA_RIGHT_CLICK,4,NONE
0,83380,BA_RIGHT_CLICK,4,NONE
0,83413,BA_RIGHT_CLICK,4,NONE
0,83445,BA_RIGHT_CLICK,4,NONE
0,83480,BA_RIGHT_CLICK,4,NONE
0,83512,BA_RIGHT_CLICK,4,NONE
0,83545,BA_RIGHT_CLICK,4,NONE
0,83579,BA_RIGHT_CLICK,4,NONE
0,83613,BA_RIGHT_CLICK,4,NONE
0,83647,BA_RIGHT_CLICK,4,NONE
0,83679,BA_RIGHT_CLICK,4,NONE
0,83708,BA_RIGHT_CLICK,4,NONE
0,83746,BA_RIGHT_CLICK,4,NONE
0,83779,BA_RIGHT_CLICK,4,NONE
0,83814,BA_RIGHT_CLICK,4,NONE
0,83845,BA_RIGHT_CLICK,4,NONE
0,83880,BA_RIGHT_CLICK,4,NONE
0,83912,BA_RIGHT_CLICK,4,NONE
0,83947,BA_RIGHT_CLICK,4,RIGHT_PRESS
0,83979,BA_RIGHT_CLICK,4,RIGHT_PRESS
0,84014,BA_RIGHT_CLICK,4,RIGHT_PRESS
0,84047,BA_RIGHT_CLICK,4,RIGHT_PRESS
0,84080,BA_RIGHT_CLICK,4,RIGHT_PRESS
0,84114,BA_RIGHT_CLICK,4,RIGHT_PRESS
0,84147,BA_RIGHT_CLICK,4,RIGHT_PRESS
0,84180,BA_RIGHT_CLICK,4,RIGHT_PRESS
0,84214,BA_RIGHT_CLICK,4,RIGHT_PRESS
0,84245,BA_RIGHT_CLICK,4,RIGHT_PRESS
0,84280,BA_RIGHT_CLICK,4,RIGHT_RELEASE
0,84313,BA_RIGHT_CLICK,4,RIGHT_RELEASE
0,84346,BA_RIGHT_CLICK,4,RIGHT_RELEASE
0,84380,BA_RIGHT_CLICK,4,RIGHT_RELEASE
0,84413,BA_RIGHT_CLICK,4,RIGHT_RELEASE
0,84446,BA_RIGHT_CLICK,4,RIGHT_RELEASE
0,84480,BA_RIGHT_CLICK,4,RIGHT_RELEASE
0,84514,BA_RIGHT_CLICK,4,RIGHT_RELEASE
0,84547,BA_RIGHT_CLICK,4,RIGHT_RELEASE
0,84579,BA_RIGHT_CLICK,4,RIGHT_RELEASE
0,84614,BA_RIGHT_CLICK,4,RIGHT_RELEASE
0,84647,BA_RIGHT_CLICK,4,RIGHT_RELEASE
0,84680,BA_RIGHT_CLICK,4,RIGHT_RELEASE
0,84713,BA_RIGHT_CLICK,4,NONE
0,84746,BA_RIGHT_CLICK,4,NONE
0,84780,BA_RIGHT_CLICK,4,NONE
0,84812,BA_RIGHT_CLICK,4,NONE
0,84847,BA_RIGHT_CLICK,4,NONE
0,84879,BA_RIGHT_CLICK,4,NONE
0,84911,BA_RIGHT_CLICK,4,NONE
0,84945,BA_RIGHT_CLICK,4,NONE
0,86643,BA_RIGHT_CLICK,5,NONE
0,86677,BA_RIGHT_CLICK,5,NONE
0,86711,BA_RIGHT_CLICK,5,NONE
0,86745,BA_RIGHT_CLICK,5,NONE
0,86778,BA_RIGHT_CLICK,5,NONE
0,86812,BA_RIGHT_CLICK,5,NONE
0,86847,BA_RIGHT_CLICK,5,NONE
0,86880,BA_RIGHT_CLICK,5,NONE
0,86913,BA_RIGHT_CLICK,5,NONE
0,86947,BA_RIGHT_CLICK,5,NONE
0,86979,BA_RIGHT_CLICK,5,NONE
0,87012,BA_RIGHT_CLICK,5,NONE
0,87045,BA_RIGHT_CLICK,5,NONE
0,87078,BA_RIGHT_CLICK,5,NONE
0,87112,BA_RIGHT_CLICK,5,NONE
0,87145,BA_RIGHT_CLICK,5,NONE
0,87179,BA_RIGHT_CLICK,5,NONE
0,87213,BA_RIGHT_CLICK,5,NONE
0,87247,BA_RIGHT_CLICK,5,NONE
0,87279,BA_RIGHT_CLICK,5,NONE
0,87313,BA_RIGHT_CLICK,5,NONE
0,87347,BA_RIGHT_CLICK,5,NONE
0,87380,BA_RIGHT_CLICK,5,NONE
0,87410,BA_RIGHT_CLICK,5,NONE
0,87445,BA_RIGHT_CLICK,5,NONE
0,87477,BA_RIGHT_CLICK,5,NONE
0,87512,BA_RIGHT_CLICK,5,NONE
0,87546,BA_RIGHT_CLICK,5,NONE
0,87579,BA_RIGHT_CLICK,5,NONE
0,87613,BA_RIGHT_CLICK,5,NONE
0,87646,BA_RIGHT_CLICK,5,NONE
0,87678,BA_RIGHT_CLICK,5,NONE
0,87712,BA_RIGHT_CLICK,5,NONE
0,87745,BA_RIGHT_CLICK,5,NONE
0,87779,BA_RIGHT_CLICK,5,NONE
0,87812,BA_RIGHT_CLICK,5,NONE
0,87846,BA_RIGHT_CLICK,5,NONE
0,87880,BA_RIGHT_CLICK,5,RIGHT_PRESS
0,87913,BA_RIGHT_CLICK,5,RIGHT_PRESS
0,87945,BA_RIGHT_CLICK,5,RIGHT_PRESS
0,87978,BA_RIGHT_CLICK,5,RIGHT_PRESS
0,88012,BA_RIGHT_CLICK,5,RIGHT_PRESS
0,88046,BA_RIGHT_CLICK,5,RIGHT_PRESS
0,88079,BA_RIGHT_CLICK,5,RIGHT_PRESS
0,88113,BA_RIGHT_CLICK,5,RIGHT_PRESS
0,88147,BA_RIGHT_CLICK,5,RIGHT_PRESS
0,88180,BA_RIGHT_CLICK,5,RIGHT_PRESS
0,88212,BA_RIGHT_CLICK,5,RIGHT_PRESS
0,88245,BA_RIGHT_CLICK,5,RIGHT_RELEASE
0,88279,BA_RIGHT_CLICK,5,RIGHT_RELEASE
0,88312,BA_RIGHT_CLICK,5,RIGHT_RELEASE
0,88346,BA_RIGHT_CLICK,5,RIGHT_RELEASE
0,88380,BA_RIGHT_CLICK,5,RIGHT_RELEASE
0,88414,BA_RIGHT_CLICK,5,RIGHT_RELEASE
0,88447,BA_RIGHT_CLICK,5,RIGHT_RELEASE
0,88480,BA_RIGHT_CLICK,5,RIGHT_RELEASE
0,88510,BA_RIGHT_CLICK,5,RIGHT_RELEASE
0,88545,BA_RIGHT_CLICK,5,RIGHT_RELEASE
0,88579,BA_RIGHT_CLICK,5,RIGHT_RELEASE
0,88612,BA_RIGHT_CLICK,5,RIGHT_RELEASE
0,88647,BA_RIGHT_CLICK,5,RIGHT_RELEASE
0,88680,BA_RIGHT_CLICK,5,RIGHT_RELEASE
0,88709,BA_RIGHT_CLICK,5,NONE
0,88746,BA_RIGHT_CLICK,5,NONE
0,88778,BA_RIGHT_CLICK,5,NONE
0,88812,BA_RIGHT_CLICK,5,NONE
0,88846,BA_RIGHT_CLICK,5,NONE
0,90479,BA_RIGHT_CLICK,6,NONE
0,90513,BA_RIGHT_CLICK,6,NONE
0,90545,BA_RIGHT_CLICK,6,NONE
0,90578,BA_RIGHT_CLICK,6,NONE
0,90612,BA_RIGHT_CLICK,6,NONE
0,90646,BA_RIGHT_CLICK,6,NONE
0,90680,BA_RIGHT_CLICK,6,NONE
0,90714,BA_RIGHT_CLICK,6,NONE
0,90747,BA_RIGHT_CLICK,6,NONE
0,90780,BA_RIGHT_CLICK,6,NONE
0,90812,BA_RIGHT_CLICK,6,NONE
0,90846,BA_RIGHT_CLICK,6,NONE
0,90879,BA_RIGHT_CLICK,6,NONE
0,90912,BA_RIGHT_CLICK,6,NONE
0,90946,BA_RIGHT_CLICK,6,NONE
0,90980,BA_RIGHT_CLICK,6,NONE
0,91014,BA_RIGHT_CLICK,6,NONE
0,91047,BA_RIGHT_CLICK,6,NONE
0,91079,BA_RIGHT_CLICK,6,NONE
0,91112,BA_RIGHT_CLICK,6,NONE
0,91145,BA_RIGHT_CLICK,6,NONE
0,91179,BA_RIGHT_CLICK,6,NONE
0,91213,BA_RIGHT_CLICK,6,NONE
0,91247,BA_RIGHT_CLICK,6,NONE
0,91279,BA_RIGHT_CLICK,6,NONE
0,91313,BA_RIGHT_CLICK,6,NONE
0,91345,BA_RIGHT_CLICK,6,NONE
0,91378,BA_RIGHT_CLICK,6,NONE
0,91412,BA_RIGHT_CLICK,6,NONE
0,91446,BA_RIGHT_CLICK,6,NONE
0,91480,BA_RIGHT_CLICK,6,NONE
0,91514,BA_RIGHT_CLICK,6,NONE
0,91547,BA_RIGHT_CLICK,6,NONE
0,91580,BA_RIGHT_CLICK,6,NONE
0,91612,BA_RIGHT_CLICK,6,NONE
0,91645,BA_RIGHT_CLICK,6,NONE
0,91679,BA_RIGHT_CLICK,6,NONE
0,91713,BA_RIGHT_CLICK,6,NONE
0,91747,BA_RIGHT_CLICK,6,NONE
0,91780,BA_RIGHT_CLICK,6,RIGHT_PRESS
0,91813,BA_RIGHT_CLICK,6,RIGHT_PRESS
0,91847,BA_RIGHT_CLICK,6,RIGHT_PRESS
0,91880,BA_RIGHT_CLICK,6,RIGHT_PRESS
0,91912,BA_RIGHT_CLICK,6,RIGHT_PRESS
0,91945,BA_RIGHT_CLICK,6,RIGHT_PRESS
0,91980,BA_RIGHT_CLICK,6,RIGHT_PRESS
0,92013,BA_RIGHT_CLICK,6,RIGHT_PRESS
0,92047,BA_RIGHT_CLICK,6,RIGHT_PRESS
0,92080,BA_RIGHT_CLICK,6,RIGHT_RELEASE
0,92113,BA_RIGHT_CLICK,6,RIGHT_RELEASE
0,92142,BA_RIGHT_CLICK,6,RIGHT_RELEASE
0,92175,BA_RIGHT_CLICK,6,RIGHT_RELEASE
0,92208,BA_RIGHT_CLICK,6,RIGHT_RELEASE
0,92242,BA_RIGHT_CLICK,6,RIGHT_RELEASE
0,92275,BA_RIGHT_CLICK,6,RIGHT_RELEASE
0,92309,BA_RIGHT_CLICK,6,RIGHT_RELEASE
0,92348,BA_RIGHT_CLICK,6,RIGHT_RELEASE
0,92379,BA_RIGHT_CLICK,6,RIGHT_RELEASE
0,92412,BA_RIGHT_CLICK,6,RIGHT_RELEASE
0,92445,BA_RIGHT_CLICK,6,RIGHT_RELEASE
0,92479,BA_RIGHT_CLICK,6,RIGHT_RELEASE
0,92512,BA_RIGHT_CLICK,6,RIGHT_RELEASE
0,92546,BA_RIGHT_CLICK,6,RIGHT_RELEASE
0,92578,BA_RIGHT_CLICK,6,NONE
0,92609,BA_RIGHT_CLICK,6,NONE
0,92643,BA_RIGHT_CLICK,6,NONE
0,92677,BA_RIGHT_CLICK,6,NONE
0,92708,BA_RIGHT_CLICK,6,NONE
0,92742,BA_RIGHT_CLICK,6,NONE
0,92775,BA_RIGHT_CLICK,6,NONE
0,92808,BA_RIGHT_CLICK,6,NONE
0,92842,BA_RIGHT_CLICK,6,NONE
0,92879,BA_RIGHT_CLICK,6,NONE
0,92909,BA_RIGHT_CLICK,6,NONE
0,92942,BA_RIGHT_CLICK,6,NONE
0,94512,BA_RIGHT_CLICK,7,NONE
0,94547,BA_RIGHT_CLICK,7,NONE
0,94579,BA_RIGHT_CLICK,7,NONE
0,94612,BA_RIGHT_CLICK,7,NONE
0,94646,BA_RIGHT_CLICK,7,NONE
0,94680,BA_RIGHT_CLICK,7,NONE
0,94713,BA_RIGHT_CLICK,7,NONE
0,94747,BA_RIGHT_CLICK,7,NONE
0,94779,BA_RIGHT_CLICK,7,NONE
0,94813,BA_RIGHT_CLICK,7,NONE
0,94845,BA_RIGHT_CLICK,7,NONE
0,94879,BA_RIGHT_CLICK,7,NONE
0,94912,BA_RIGHT_CLICK,7,NONE
0,94946,BA_RIGHT_CLICK,7,NONE
0,94979,BA_RIGHT_CLICK,7,NONE
0,95012,BA_RIGHT_CLICK,7,NONE
0,95046,BA_RIGHT_CLICK,7,NONE
0,95080,BA_RIGHT_CLICK,7,NONE
0,95112,BA_RIGHT_CLICK,7,NONE
0,95145,BA_RIGHT_CLICK,7,NONE
0,95179,BA_RIGHT_CLICK,7,NONE
0,95213,BA_RIGHT_CLICK,7,NONE
0,95246,BA_RIGHT_CLICK,7,NONE
0,95281,BA_RIGHT_CLICK,7,NONE
0,95312,BA_RIGHT_CLICK,7,NONE
0,95345,BA_RIGHT_CLICK,7,NONE
0,95379,BA_RIGHT_CLICK,7,NONE
0,95412,BA_RIGHT_CLICK,7,NONE
0,95446,BA_RIGHT_CLICK,7,NONE
0,95479,BA_RIGHT_CLICK,7,NONE
0,95511,BA_RIGHT_CLICK,7,NONE
0,95544,BA_RIGHT_CLICK,7,NONE
0,95576,BA_RIGHT_CLICK,7,RIGHT_PRESS
0,95610,BA_RIGHT_CLICK,7,RIGHT_PRESS
0,95647,BA_RIGHT_CLICK,7,RIGHT_PRESS
0,95678,BA_RIGHT_CLICK,7,RIGHT_PRESS
0,95713,BA_RIGHT_CLICK,7,RIGHT_PRESS
0,95746,BA_RIGHT_CLICK,7,RIGHT_PRESS
0,95778,BA_RIGHT_CLICK,7,RIGHT_PRESS
0,95813,BA_RIGHT_CLICK,7,RIGHT_PRESS
0,95847,BA_RIGHT_CLICK,7,RIGHT_PRESS
0,95878,BA_RIGHT_CLICK,7,RIGHT_RELEASE
0,95915,BA_RIGHT_CLICK,7,RIGHT_RELEASE
0,95945,BA_RIGHT_CLICK,7,RIGHT_RELEASE
0,95979,BA_RIGHT_CLICK,7,RIGHT_RELEASE
0,96013,BA_RIGHT_CLICK,7,RIGHT_RELEASE
0,96046,BA_RIGHT_CLICK,7,RIGHT_RELEASE
0,96079,BA_RIGHT_CLICK,7,RIGHT_RELEASE
0,96113,BA_RIGHT_CLICK,7,RIGHT_RELEASE
0,96147,BA_RIGHT_CLICK,7,RIGHT_RELEASE
0,96180,BA_RIGHT_CLICK,7,RIGHT_RELEASE
0,96214,BA_RIGHT_CLICK,7,RIGHT_RELEASE
0,96245,BA_RIGHT_CLICK,7,RIGHT_RELEASE
0,96280,BA_RIGHT_CLICK,7,RIGHT_RELEASE
0,96312,BA_RIGHT_CLICK,7,RIGHT_RELEASE
0,96347,BA_RIGHT_CLICK,7,RIGHT_RELEASE
0,96380,BA_RIGHT_CLICK,7,NONE
0,96412,BA_RIGHT_CLICK,7,NONE
0,96445,BA_RIGHT_CLICK,7,NONE
0,96481,BA_RIGHT_CLICK,7,NONE
0,96512,BA_RIGHT_CLICK,7,NONE
0,96545,BA_RIGHT_CLICK,7,NONE
0,96579,BA_RIGHT_CLICK,7,NONE
0,96612,BA_RIGHT_CLICK,7,NONE
0,96647,BA_RIGHT_CLICK,7,NONE
0,98311,BA_RIGHT_CLICK,8,NONE
0,98346,BA_RIGHT_CLICK,8,NONE
0,98379,BA_RIGHT_CLICK,8,NONE
0,98413,BA_RIGHT_CLICK,8,NONE
0,98445,BA_RIGHT_CLICK,8,NONE
0,98482,BA_RIGHT_CLICK,8,NONE
0,98514,BA_RIGHT_CLICK,8,NONE
0,98545,BA_RIGHT_CLICK,8,NONE
0,98578,BA_RIGHT_CLICK,8,NONE
0,98612,BA_RIGHT_CLICK,8,NONE
0,98647,BA_RIGHT_CLICK,8,NONE
0,98680,BA_RIGHT_CLICK,8,NONE
0,98709,BA_RIGHT_CLICK,8,NONE
0,98747,BA_RIGHT_CLICK,8,NONE
0,98781,BA_RIGHT_CLICK,8,NONE
0,98813,BA_RIGHT_CLICK,8,NONE
0,98845,BA_RIGHT_CLICK,8,NONE
0,98878,BA_RIGHT_CLICK,8,NONE
0,98912,BA_RIGHT_CLICK,8,NONE
0,98947,BA_RIGHT_CLICK,8,NONE
0,98981,BA_RIGHT_CLICK,8,NONE
0,99014,BA_RIGHT_CLICK,8,NONE
0,99047,BA_RIGHT_CLICK,8,NONE
0,99080,BA_RIGHT_CLICK,8,NONE
0,99113,BA_RIGHT_CLICK,8,NONE
0,99145,BA_RIGHT_CLICK,8,NONE
0,99178,BA_RIGHT_CLICK,8,NONE
0,99212,BA_RIGHT_CLICK,8,NONE
0,99246,BA_RIGHT_CLICK,8,NONE
0,99281,BA_RIGHT_CLICK,8,NONE
0,99314,BA_RIGHT_CLICK,8,NONE
0,99347,BA_RIGHT_CLICK,8,NONE
0,99381,BA_RIGHT_CLICK,8,NONE
0,99414,BA_RIGHT_CLICK,8,NONE
0,99445,BA_RIGHT_CLICK,8,NONE
0,99480,BA_RIGHT_CLICK,8,NONE
0,99513,BA_RIGHT_CLICK,8,NONE
0,99546,BA_RIGHT_CLICK,8,NONE
0,99579,BA_RIGHT_CLICK,8,NONE
0,99614,BA_RIGHT_CLICK,8,NONE
0,99647,BA_RIGHT_CLICK,8,RIGHT_PRESS
0,99681,BA_RIGHT_CLICK,8,RIGHT_PRESS
0,99714,BA_RIGHT_CLICK,8,RIGHT_PRESS
0,99745,BA_RIGHT_CLICK,8,RIGHT_PRESS
0,99780,BA_RIGHT_CLICK,8,RIGHT_PRESS
0,99813,BA_RIGHT_CLICK,8,RIGHT_PRESS
0,99846,BA_RIGHT_CLICK,8,RIGHT_PRESS
0,99880,BA_RIGHT_CLICK,8,RIGHT_PRESS
0,99914,BA_RIGHT_CLICK,8,RIGHT_PRESS
0,99947,BA_RIGHT_CLICK,8,RIGHT_PRESS
0,99981,BA_RIGHT_CLICK,8,RIGHT_RELEASE
0,100016,BA_RIGHT_CLICK,8,RIGHT_RELEASE
0,100047,BA_RIGHT_CLICK,8,RIGHT_RELEASE
0,100079,BA_RIGHT_CLICK,8,RIGHT_RELEASE
0,100114,BA_RIGHT_CLICK,8,RIGHT_RELEASE
0,100147,BA_RIGHT_CLICK,8,RIGHT_RELEASE
0,100180,BA_RIGHT_CLICK,8,RIGHT_RELEASE
0,100214,BA_RIGHT_CLICK,8,RIGHT_RELEASE
0,100248,BA_RIGHT_CLICK,8,RIGHT_RELEASE
0,100280,BA_RIGHT_CLICK,8,RIGHT_RELEASE
0,100316,BA_RIGHT_CLICK,8,RIGHT_RELEASE
0,100346,BA_RIGHT_CLICK,8,RIGHT_RELEASE
0,100379,BA_RIGHT_CLICK,8,RIGHT_RELEASE
0,100414,BA_RIGHT_CLICK,8,RIGHT_RELEASE
0,100447,BA_RIGHT_CLICK,8,RIGHT_RELEASE
0,100479,BA_RIGHT_CLICK,8,RIGHT_RELEASE
0,100514,BA_RIGHT_CLICK,8,NONE
0,100547,BA_RIGHT_CLICK,8,NONE
0,100581,BA_RIGHT_CLICK,8,NONE
0,100614,BA_RIGHT_CLICK,8,NONE
0,100648,BA_RIGHT_CLICK,8,NONE
0,100679,BA_RIGHT_CLICK,8,NONE
0,100714,BA_RIGHT_CLICK,8,NONE
0,100746,BA_RIGHT_CLICK,8,NONE
0,100779,BA_RIGHT_CLICK,8,NONE
0,100813,BA_RIGHT_CLICK,8,NONE
0,100847,BA_RIGHT_CLICK,8,NONE
0,100881,BA_RIGHT_CLICK,8,NONE
0,100914,BA_RIGHT_CLICK,8,NONE
0,100948,BA_RIGHT_CLICK,8,NONE
0,100981,BA_RIGHT_CLICK,8,NONE
0,101013,BA_RIGHT_CLICK,8,NONE
0,101049,BA_RIGHT_CLICK,8,NONE
0,102445,BA_RIGHT_CLICK,9,NONE
0,102479,BA_RIGHT_CLICK,9,NONE
0,102512,BA_RIGHT_CLICK,9,NONE
0,102546,BA_RIGHT_CLICK,9,NONE
0,102580,BA_RIGHT_CLICK,9,NONE
0,102614,BA_RIGHT_CLICK,9,NONE
0,102648,BA_RIGHT_CLICK,9,NONE
0,102681,BA_RIGHT_CLICK,9,NONE
0,102715,BA_RIGHT_CLICK,9,NONE
0,102745,BA_RIGHT_CLICK,9,NONE
0,102781,BA_RIGHT_CLICK,9,NONE
0,102813,BA_RIGHT_CLICK,9,NONE
0,102847,BA_RIGHT_CLICK,9,NONE
0,102880,BA_RIGHT_CLICK,9,NONE
0,102914,BA_RIGHT_CLICK,9,NONE
0,102947,BA_RIGHT_CLICK,9,NONE
0,102980,BA_RIGHT_CLICK,9,NONE
0,103015,BA_RIGHT_CLICK,9,NONE
0,103047,BA_RIGHT_CLICK,9,NONE
0,103081,BA_RIGHT_CLICK,9,NONE
0,103114,BA_RIGHT_CLICK,9,NONE
0,103147,BA_RIGHT_CLICK,9,NONE
0,103181,BA_RIGHT_CLICK,9,NONE
0,103213,BA_RIGHT_CLICK,9,NONE
0,103247,BA_RIGHT_CLICK,9,NONE
0,103281,BA_RIGHT_CLICK,9,NONE
0,103313,BA_RIGHT_CLICK,9,NONE
0,103347,BA_RIGHT_CLICK,9,NONE
0,103380,BA_RIGHT_CLICK,9,NONE
0,103413,BA_RIGHT_CLICK,9,NONE
0,103448,BA_RIGHT_CLICK,9,NONE
0,103481,BA_RIGHT_CLICK,9,NONE
0,103514,BA_RIGHT_CLICK,9,NONE
0,103547,BA_RIGHT_CLICK,9,NONE
0,103581,BA_RIGHT_CLICK,9,NONE
0,103614,BA_RIGHT_CLICK,9,NONE
0,103648,BA_RIGHT_CLICK,9,NONE
0,103680,BA_RIGHT_CLICK,9,NONE
0,103710,BA_RIGHT_CLICK,9,NONE
0,103747,BA_RIGHT_CLICK,9,NONE
0,103779,BA_RIGHT_CLICK,9,NONE
0,103814,BA_RIGHT_CLICK,9,NONE
0,103846,BA_RIGHT_CLICK,9,NONE
0,103881,BA_RIGHT_CLICK,9,NONE
0,103914,BA_RIGHT_CLICK,9,NONE
0,103947,BA_RIGHT_CLICK,9,NONE
0,103980,BA_RIGHT_CLICK,9,NONE
0,104014,BA_RIGHT_CLICK,9,NONE
0,104047,BA_RIGHT_CLICK,9,NONE
0,104081,BA_RIGHT_CLICK,9,NONE
0,104114,BA_RIGHT_CLICK,9,NONE
0,104148,BA_RIGHT_CLICK,9,NONE
0,104182,BA_RIGHT_CLICK,9,NONE
0,104213,BA_RIGHT_CLICK,9,NONE
0,104247,BA_RIGHT_CLICK,9,NONE
0,104281,BA_RIGHT_CLICK,9,NONE
0,104314,BA_RIGHT_CLICK,9,NONE
0,104346,BA_RIGHT_CLICK,9,NONE
0,104381,BA_RIGHT_CLICK,9,NONE
0,104414,BA_RIGHT_CLICK,9,NONE
0,104447,BA_RIGHT_CLICK,9,NONE
0,104480,BA_RIGHT_CLICK,9,NONE
0,104514,BA_RIGHT_CLICK,9,NONE
0,104547,BA_RIGHT_CLICK,9,NONE
0,104580,BA_RIGHT_CLICK,9,NONE
0,104614,BA_RIGHT_CLICK,9,NONE
0,104647,BA_RIGHT_CLICK,9,NONE
0,104681,BA_RIGHT_CLICK,9,NONE
0,104714,BA_RIGHT_CLICK,9,NONE
0,104748,BA_RIGHT_CLICK,9,NONE
0,104781,BA_RIGHT_CLICK,9,NONE
0,104814,BA_RIGHT_CLICK,9,NONE
0,104848,BA_RIGHT_CLICK,9,NONE
0,104881,BA_RIGHT_CLICK,9,NONE
0,104915,BA_RIGHT_CLICK,9,NONE
0,104949,BA_RIGHT_CLICK,9,NONE
0,104982,BA_RIGHT_CLICK,9,NONE
0,105014,BA_RIGHT_CLICK,9,NONE
0,105049,BA_RIGHT_CLICK,9,NONE
0,105148,BA_RIGHT_CLICK,9,RIGHT_PRESS
0,105181,BA_RIGHT_CLICK,9,RIGHT_PRESS
0,105215,BA_RIGHT_CLICK,9,RIGHT_PRESS
0,105248,BA_RIGHT_CLICK,9,RIGHT_PRESS
0,105282,BA_RIGHT_CLICK,9,RIGHT_PRESS
0,105315,BA_RIGHT_CLICK,9,RIGHT_PRESS
0,105348,BA_RIGHT_CLICK,9,RIGHT_PRESS
0,105381,BA_RIGHT_CLICK,9,RIGHT_PRESS
0,105414,BA_RIGHT_CLICK,9,RIGHT_PRESS
0,105449,BA_RIGHT_CLICK,9,RIGHT_PRESS
0,105481,BA_RIGHT_CLICK,9,RIGHT_RELEASE
0,105514,BA_RIGHT_CLICK,9,RIGHT_RELEASE
0,105548,BA_RIGHT_CLICK,9,RIGHT_RELEASE
0,105581,BA_RIGHT_CLICK,9,RIGHT_RELEASE
0,105616,BA_RIGHT_CLICK,9,RIGHT_RELEASE
0,105647,BA_RIGHT_CLICK,9,RIGHT_RELEASE
0,105683,BA_RIGHT_CLICK,9,RIGHT_RELEASE
0,105714,BA_RIGHT_CLICK,9,RIGHT_RELEASE
0,105750,BA_RIGHT_CLICK,9,RIGHT_RELEASE
0,105782,BA_RIGHT_CLICK,9,RIGHT_RELEASE
0,105815,BA_RIGHT_CLICK,9,RIGHT_RELEASE
0,105847,BA_RIGHT_CLICK,9,RIGHT_RELEASE
0,105880,BA_RIGHT_CLICK,9,NONE
0,105913,BA_RIGHT_CLICK,9,NONE
0,105946,BA_RIGHT_CLICK,9,NONE
0,105980,BA_RIGHT_CLICK,9,NONE
0,106014,BA_RIGHT_CLICK,9,NONE
0,106047,BA_RIGHT_CLICK,9,NONE
0,109118,BA_SCROLL,0,NONE
0,109149,BA_SCROLL,0,NONE
0,109181,BA_SCROLL,0,NONE
0,109215,BA_SCROLL,0,NONE
0,109248,BA_SCROLL,0,NONE
0,109281,BA_SCROLL,0,NONE
0,109316,BA_SCROLL,0,NONE
0,109349,BA_SCROLL,0,NONE
0,109384,BA_SCROLL,0,NONE
0,109415,BA_SCROLL,0,NONE
0,109449,BA_SCROLL,0,NONE
0,109482,BA_SCROLL,0,NONE
0,109514,BA_SCROLL,0,NONE
0,109550,BA_SCROLL,0,NONE
0,109582,BA_SCROLL,0,NONE
0,109616,BA_SCROLL,0,NONE
0,109649,BA_SCROLL,0,NONE
0,109682,BA_SCROLL,0,NONE
0,109714,BA_SCROLL,0,NONE
0,109750,BA_SCROLL,0,NONE
0,109784,BA_SCROLL,0,NONE
0,109815,BA_SCROLL,0,NONE
0,109850,BA_SCROLL,0,NONE
0,109882,BA_SCROLL,0,NONE
0,109916,BA_SCROLL,0,NONE
0,109949,BA_SCROLL,0,NONE
0,109982,BA_SCROLL,0,NONE
0,110015,BA_SCROLL,0,NONE
0,110082,BA_SCROLL,0,SCROLL_UP
0,110115,BA_SCROLL,0,SCROLL_UP
0,110151,BA_SCROLL,0,SCROLL_UP
0,110182,BA_SCROLL,0,SCROLL_UP
0,110215,BA_SCROLL,0,SCROLL_UP
0,110249,BA_SCROLL,0,SCROLL_UP
0,110282,BA_SCROLL,0,SCROLL_UP
0,110315,BA_SCROLL,0,SCROLL_UP
0,110350,BA_SCROLL,0,SCROLL_UP
0,110383,BA_SCROLL,0,SCROLL_UP
0,110416,BA_SCROLL,0,NONE
0,110451,BA_SCROLL,0,NONE
0,110481,BA_SCROLL,0,SCROLL_DOWN
0,110515,BA_SCROLL,0,SCROLL_DOWN
0,110549,BA_SCROLL,0,SCROLL_DOWN
0,110584,BA_SCROLL,0,SCROLL_DOWN
0,110615,BA_SCROLL,0,SCROLL_DOWN
0,110649,BA_SCROLL,0,SCROLL_DOWN
0,110682,BA_SCROLL,0,SCROLL_DOWN
0,110718,BA_SCROLL,0,SCROLL_DOWN
0,110748,BA_SCROLL,0,SCROLL_DOWN
0,110783,BA_SCROLL,0,SCROLL_DOWN
0,110815,BA_SCROLL,0,SCROLL_DOWN
0,110849,BA_SCROLL,0,NONE
0,110882,BA_SCROLL,0,NONE
0,110917,BA_SCROLL,0,NONE
0,110949,BA_SCROLL,0,SCROLL_UP
0,110984,BA_SCROLL,0,SCROLL_UP
0,111014,BA_SCROLL,0,SCROLL_UP
0,111051,BA_SCROLL,0,SCROLL_UP
0,111081,BA_SCROLL,0,SCROLL_UP
0,111116,BA_SCROLL,0,SCROLL_UP
0,111149,BA_SCROLL,0,SCROLL_UP
0,111185,BA_SCROLL,0,SCROLL_UP
0,111215,BA_SCROLL,0,SCROLL_UP
0,111251,BA_SCROLL,0,SCROLL_UP
0,111281,BA_SCROLL,0,NONE
0,111316,BA_SCROLL,0,NONE
0,111349,BA_SCROLL,0,SCROLL_DOWN
0,111383,BA_SCROLL,0,SCROLL_DOWN
0,111415,BA_SCROLL,0,SCROLL_DOWN
0,111450,BA_SCROLL,0,SCROLL_DOWN
0,111484,BA_SCROLL,0,SCROLL_DOWN
0,111514,BA_SCROLL,0,SCROLL_DOWN
0,111552,BA_SCROLL,0,SCROLL_DOWN
0,111581,BA_SCROLL,0,SCROLL_DOWN
0,111617,BA_SCROLL,0,SCROLL_DOWN
0,111651,BA_SCROLL,0,SCROLL_DOWN
0,111681,BA_SCROLL,0,SCROLL_DOWN
0,111715,BA_SCROLL,0,SCROLL_DOWN
0,111749,BA_SCROLL,0,SCROLL_DOWN
0,111782,BA_SCROLL,0,NONE
0,111816,BA_SCROLL,0,NONE
0,111849,BA_SCROLL,0,SCROLL_UP
0,111882,BA_SCROLL,0,SCROLL_UP
0,111916,BA_SCROLL,0,SCROLL_UP
0,111949,BA_SCROLL,0,SCROLL_UP
0,111983,BA_SCROLL,0,SCROLL_UP
0,112016,BA_SCROLL,0,SCROLL_UP
0,112049,BA_SCROLL,0,SCROLL_UP
0,112085,BA_SCROLL,0,SCROLL_UP
0,112115,BA_SCROLL,0,SCROLL_UP
0,112149,BA_SCROLL,0,SCROLL_UP
0,112183,BA_SCROLL,0,NONE
0,112218,BA_SCROLL,0,NONE
0,112248,BA_SCROLL,0,SCROLL_DOWN
0,112283,BA_SCROLL,0,SCROLL_DOWN
0,112315,BA_SCROLL,0,SCROLL_DOWN
0,112348,BA_SCROLL,0,SCROLL_DOWN
0,112380,BA_SCROLL,0,SCROLL_DOWN
0,112413,BA_SCROLL,0,SCROLL_DOWN
0,112447,BA_SCROLL,0,SCROLL_DOWN
0,112480,BA_SCROLL,0,SCROLL_DOWN
0,112511,BA_SCROLL,0,SCROLL_DOWN
0,112547,BA_SCROLL,0,SCROLL_DOWN
0,112580,BA_SCROLL,0,SCROLL_DOWN
0,112614,BA_SCROLL,0,NONE
0,112647,BA_SCROLL,0,NONE
0,112682,BA_SCROLL,0,NONE
0,112714,BA_SCROLL,0,SCROLL_UP
0,112747,BA_SCROLL,0,SCROLL_UP
0,112781,BA_SCROLL,0,SCROLL_UP
0,112815,BA_SCROLL,0,SCROLL_UP
0,112849,BA_SCROLL,0,SCROLL_UP
0,112883,BA_SCROLL,0,SCROLL_UP
0,112915,BA_SCROLL,0,SCROLL_UP
0,112949,BA_SCROLL,0,SCROLL_UP
0,112983,BA_SCROLL,0,SCROLL_UP
0,113016,BA_SCROLL,0,SCROLL_UP
0,113049,BA_SCROLL,0,NONE
0,113083,BA_SCROLL,0,NONE
0,113116,BA_SCROLL,0,NONE
0,113150,BA_SCROLL,0,SCROLL_DOWN
0,113183,BA_SCROLL,0,SCROLL_DOWN
0,113216,BA_SCROLL,0,SCROLL_DOWN
0,113249,BA_SCROLL,0,SCROLL_DOWN
0,113283,BA_SCROLL,0,SCROLL_DOWN
0,113316,BA_SCROLL,0,SCROLL_DOWN
0,113349,BA_SCROLL,0,SCROLL_DOWN
0,113382,BA_SCROLL,0,SCROLL_DOWN
0,113416,BA_SCROLL,0,SCROLL_DOWN
0,113450,BA_SCROLL,0,SCROLL_DOWN
0,113483,BA_SCROLL,0,SCROLL_DOWN
0,113515,BA_SCROLL,0,SCROLL_DOWN
0,113549,BA_SCROLL,0,NONE
0,113583,BA_SCROLL,0,NONE
0,113616,BA_SCROLL,0,SCROLL_UP
0,113649,BA_SCROLL,0,SCROLL_UP
0,113683,BA_SCROLL,0,SCROLL_UP
0,113711,BA_SCROLL,0,SCROLL_UP
0,113749,BA_SCROLL,0,SCROLL_UP
0,113783,BA_SCROLL,0,SCROLL_UP
0,113816,BA_SCROLL,0,SCROLL_UP
0,113850,BA_SCROLL,0,SCROLL_UP
0,113883,BA_SCROLL,0,SCROLL_UP
0,113917,BA_SCROLL,0,SCROLL_UP
0,113949,BA_SCROLL,0,NONE
0,113983,BA_SCROLL,0,NONE
0,114017,BA_SCROLL,0,NONE
0,114049,BA_SCROLL,0,NONE
0,114083,BA_SCROLL,0,NONE
0,114116,BA_SCROLL,0,NONE
0,114150,BA_SCROLL,0,NONE
0,114183,BA_SCROLL,0,SCROLL_DOWN
0,114217,BA_SCROLL,0,SCROLL_DOWN
0,114249,BA_SCROLL,0,SCROLL_DOWN
0,114282,BA_SCROLL,0,SCROLL_DOWN
0,114317,BA_SCROLL,0,SCROLL_DOWN
0,114349,BA_SCROLL,0,SCROLL_DOWN
0,114383,BA_SCROLL,0,SCROLL_DOWN
0,114416,BA_SCROLL,0,SCROLL_DOWN
0,114450,BA_SCROLL,0,SCROLL_DOWN
0,114483,BA_SCROLL,0,SCROLL_DOWN
0,114515,BA_SCROLL,0,SCROLL_DOWN
0,114545,BA_SCROLL,0,SCROLL_DOWN
0,114584,BA_SCROLL,0,SCROLL_DOWN
0,114615,BA_SCROLL,0,NONE
0,114649,BA_SCROLL,0,NONE
0,114683,BA_SCROLL,0,NONE
0,114716,BA_SCROLL,0,NONE
0,114749,BA_SCROLL,0,NONE
0,114784,BA_SCROLL,0,NONE
0,114816,BA_SCROLL,0,NONE
0,114850,BA_SCROLL,0,NONE
0,114884,BA_SCROLL,0,NONE
0,114917,BA_SCROLL,0,NONE
0,114951,BA_SCROLL,0,NONE
0,114984,BA_SCROLL,0,NONE
0,115018,BA_SCROLL,0,NONE
0,115052,BA_SCROLL,0,NONE
0,115084,BA_SCROLL,0,NONE
0,116448,BA_SCROLL,1,NONE
0,116482,BA_SCROLL,1,NONE
0,116516,BA_SCROLL,1,NONE
0,116549,BA_SCROLL,1,NONE
0,116582,BA_SCROLL,1,NONE
0,116617,BA_SCROLL,1,NONE
0,116649,BA_SCROLL,1,NONE
0,116683,BA_SCROLL,1,NONE
0,116716,BA_SCROLL,1,NONE
0,116751,BA_SCROLL,1,NONE
0,116783,BA_SCROLL,1,NONE
0,116819,BA_SCROLL,1,NONE
0,116850,BA_SCROLL,1,NONE
0,116885,BA_SCROLL,1,NONE
0,116915,BA_SCROLL,1,NONE
0,116952,BA_SCROLL,1,NONE
0,116981,BA_SCROLL,1,NONE
0,117018,BA_SCROLL,1,NONE
0,117049,BA_SCROLL,1,NONE
0,117085,BA_SCROLL,1,NONE
0,117115,BA_SCROLL,1,NONE
0,117152,BA_SCROLL,1,SCROLL_UP
0,117181,BA_SCROLL,1,SCROLL_UP
0,117219,BA_SCROLL,1,SCROLL_UP
0,117248,BA_SCROLL,1,SCROLL_UP
0,117285,BA_SCROLL,1,SCROLL_UP
0,117315,BA_SCROLL,1,SCROLL_UP
0,117351,BA_SCROLL,1,SCROLL_UP
0,117381,BA_SCROLL,1,SCROLL_UP
0,117414,BA_SCROLL,1,SCROLL_UP
0,117448,BA_SCROLL,1,SCROLL_UP
0,117480,BA_SCROLL,1,NONE
0,117514,BA_SCROLL,1,NONE
0,117547,BA_SCROLL,1,NONE
0,117582,BA_SCROLL,1,SCROLL_DOWN
0,117615,BA_SCROLL,1,SCROLL_DOWN
0,117648,BA_SCROLL,1,SCROLL_DOWN
0,117682,BA_SCROLL,1,SCROLL_DOWN
0,117715,BA_SCROLL,1,SCROLL_DOWN
0,117749,BA_SCROLL,1,SCROLL_DOWN
0,117783,BA_SCROLL,1,SCROLL_DOWN
0,117816,BA_SCROLL,1,SCROLL_DOWN
0,117849,BA_SCROLL,1,SCROLL_DOWN
0,117883,BA_SCROLL,1,SCROLL_DOWN
0,117916,BA_SCROLL,1,NONE
0,117950,BA_SCROLL,1,NONE
0,117983,BA_SCROLL,1,SCROLL_UP
0,118017,BA_SCROLL,1,SCROLL_UP
0,118050,BA_SCROLL,1,SCROLL_UP
0,118083,BA_SCROLL,1,SCROLL_UP
0,118117,BA_SCROLL,1,SCROLL_UP
0,118149,BA_SCROLL,1,SCROLL_UP
0,118183,BA_SCROLL,1,SCROLL_UP
0,118217,BA_SCROLL,1,SCROLL_UP
0,118250,BA_SCROLL,1,SCROLL_UP
0,118283,BA_SCROLL,1,SCROLL_UP
0,118316,BA_SCROLL,1,SCROLL_UP
0,118350,BA_SCROLL,1,NONE
0,118383,BA_SCROLL,1,NONE
0,118416,BA_SCROLL,1,SCROLL_DOWN
0,118450,BA_SCROLL,1,SCROLL_DOWN
0,118483,BA_SCROLL,1,SCROLL_DOWN
0,118516,BA_SCROLL,1,SCROLL_DOWN
0,118550,BA_SCROLL,1,SCROLL_DOWN
0,118583,BA_SCROLL,1,SCROLL_DOWN
0,118616,BA_SCROLL,1,SCROLL_DOWN
0,118649,BA_SCROLL,1,SCROLL_DOWN
0,118683,BA_SCROLL,1,SCROLL_DOWN
0,118712,BA_SCROLL,1,SCROLL_DOWN
0,118751,BA_SCROLL,1,NONE
0,118782,BA_SCROLL,1,NONE
0,118816,BA_SCROLL,1,SCROLL_UP
0,118850,BA_SCROLL,1,SCROLL_UP
0,118883,BA_SCROLL,1,SCROLL_UP
0,118916,BA_SCROLL,1,SCROLL_UP
0,118950,BA_SCROLL,1,SCROLL_UP
0,118983,BA_SCROLL,1,SCROLL_UP
0,119017,BA_SCROLL,1,SCROLL_UP
0,119051,BA_SCROLL,1,SCROLL_UP
0,119084,BA_SCROLL,1,SCROLL_UP
0,119116,BA_SCROLL,1,NONE
0,119152,BA_SCROLL,1,NONE
0,119183,BA_SCROLL,1,SCROLL_DOWN
0,119219,BA_SCROLL,1,SCROLL_DOWN
0,119249,BA_SCROLL,1,SCROLL_DOWN
0,119283,BA_SCROLL,1,SCROLL_DOWN
0,119317,BA_SCROLL,1,SCROLL_DOWN
0,119349,BA_SCROLL,1,SCROLL_DOWN
0,119385,BA_SCROLL,1,SCROLL_DOWN
0,119415,BA_SCROLL,1,SCROLL_DOWN
0,119452,BA_SCROLL,1,SCROLL_DOWN
0,119483,BA_SCROLL,1,SCROLL_DOWN
0,119519,BA_SCROLL,1,SCROLL_DOWN
0,119548,BA_SCROLL,1,NONE
0,119585,BA_SCROLL,1,NONE
0,119615,BA_SCROLL,1,SCROLL_UP
0,119652,BA_SCROLL,1,SCROLL_UP
0,119683,BA_SCROLL,1,SCROLL_UP
0,119720,BA_SCROLL,1,SCROLL_UP
0,119749,BA_SCROLL,1,SCROLL_UP
0,119783,BA_SCROLL,1,SCROLL_UP
0,119817,BA_SCROLL,1,SCROLL_UP
0,119850,BA_SCROLL,1,SCROLL_UP
0,119884,BA_SCROLL,1,SCROLL_UP
0,119916,BA_SCROLL,1,NONE
0,119950,BA_SCROLL,1,NONE
0,119983,BA_SCROLL,1,SCROLL_DOWN
0,120017,BA_SCROLL,1,SCROLL_DOWN
0,120050,BA_SCROLL,1,SCROLL_DOWN
0,120083,BA_SCROLL,1,SCROLL_DOWN
0,120117,BA_SCROLL,1,SCROLL_DOWN
0,120150,BA_SCROLL,1,SCROLL_DOWN
0,120183,BA_SCROLL,1,SCROLL_DOWN
0,120217,BA_SCROLL,1,SCROLL_DOWN
0,120249,BA_SCROLL,1,SCROLL_DOWN
0,120283,BA_SCROLL,1,SCROLL_DOWN
0,120317,BA_SCROLL,1,SCROLL_DOWN
0,120350,BA_SCROLL,1,SCROLL_DOWN
0,120383,BA_SCROLL,1,SCROLL_DOWN
0,120417,BA_SCROLL,1,NONE
0,120452,BA_SCROLL,1,NONE
0,120482,BA_SCROLL,1,SCROLL_UP
0,120517,BA_SCROLL,1,SCROLL_UP
0,120550,BA_SCROLL,1,SCROLL_UP
0,120583,BA_SCROLL,1,SCROLL_UP
0,120617,BA_SCROLL,1,SCROLL_UP
0,120650,BA_SCROLL,1,SCROLL_UP
0,120683,BA_SCROLL,1,SCROLL_UP
0,120718,BA_SCROLL,1,SCROLL_UP
0,120749,BA_SCROLL,1,SCROLL_UP
0,120783,BA_SCROLL,1,SCROLL_UP
0,120817,BA_SCROLL,1,SCROLL_UP
0,120850,BA_SCROLL,1,SCROLL_UP
0,120883,BA_SCROLL,1,NONE
0,120918,BA_SCROLL,1,NONE
0,120949,BA_SCROLL,1,NONE
0,120984,BA_SCROLL,1,NONE
0,121016,BA_SCROLL,1,SCROLL_DOWN
0,121050,BA_SCROLL,1,SCROLL_DOWN
0,121084,BA_SCROLL,1,SCROLL_DOWN
0,121117,BA_SCROLL,1,SCROLL_DOWN
0,121151,BA_SCROLL,1,SCROLL_DOWN
0,121183,BA_SCROLL,1,SCROLL_DOWN
0,121217,BA_SCROLL,1,SCROLL_DOWN
0,121249,BA_SCROLL,1,SCROLL_DOWN
0,121283,BA_SCROLL,1,SCROLL_DOWN
0,121318,BA_SCROLL,1,SCROLL_DOWN
0,121350,BA_SCROLL,1,SCROLL_DOWN
0,121384,BA_SCROLL,1,SCROLL_DOWN
0,121418,BA_SCROLL,1,SCROLL_DOWN
0,121450,BA_SCROLL,1,SCROLL_DOWN
0,121484,BA_SCROLL,1,SCROLL_DOWN
0,121516,BA_SCROLL,1,SCROLL_DOWN
0,121550,BA_SCROLL,1,SCROLL_DOWN
0,121584,BA_SCROLL,1,SCROLL_DOWN
0,121617,BA_SCROLL,1,SCROLL_DOWN
0,121650,BA_SCROLL,1,SCROLL_DOWN
0,121683,BA_SCROLL,1,SCROLL_DOWN
0,121716,BA_SCROLL,1,NONE
0,121750,BA_SCROLL,1,NONE
0,121783,BA_SCROLL,1,NONE
0,121817,BA_SCROLL,1,NONE
0,121850,BA_SCROLL,1,NONE
0,121884,BA_SCROLL,1,NONE
0,121917,BA_SCROLL,1,NONE
0,121950,BA_SCROLL,1,NONE
0,124084,BA_SCROLL,2,NONE
0,124116,BA_SCROLL,2,NONE
0,124150,BA_SCROLL,2,NONE
0,124183,BA_SCROLL,2,NONE
0,124215,BA_SCROLL,2,NONE
0,124251,BA_SCROLL,2,NONE
0,124283,BA_SCROLL,2,NONE
0,124316,BA_SCROLL,2,NONE
0,124351,BA_SCROLL,2,NONE
0,124383,BA_SCROLL,2,NONE
0,124417,BA_SCROLL,2,NONE
0,124451,BA_SCROLL,2,NONE
0,124485,BA_SCROLL,2,NONE
0,124516,BA_SCROLL,2,NONE
0,124550,BA_SCROLL,2,NONE
0,124585,BA_SCROLL,2,NONE
0,124617,BA_SCROLL,2,SCROLL_UP
0,124649,BA_SCROLL,2,SCROLL_UP
0,124683,BA_SCROLL,2,SCROLL_UP
0,124717,BA_SCROLL,2,SCROLL_UP
0,124750,BA_SCROLL,2,SCROLL_UP
0,124785,BA_SCROLL,2,SCROLL_UP
0,124817,BA_SCROLL,2,SCROLL_UP
0,124850,BA_SCROLL,2,SCROLL_UP
0,124884,BA_SCROLL,2,SCROLL_UP
0,124917,BA_SCROLL,2,NONE
0,124950,BA_SCROLL,2,NONE
0,124984,BA_SCROLL,2,SCROLL_DOWN
0,125016,BA_SCROLL,2,SCROLL_DOWN
0,125051,BA_SCROLL,2,SCROLL_DOWN
0,125085,BA_SCROLL,2,SCROLL_DOWN
0,125117,BA_SCROLL,2,SCROLL_DOWN
0,125150,BA_SCROLL,2,SCROLL_DOWN
0,125184,BA_SCROLL,2,SCROLL_DOWN
0,125218,BA_SCROLL,2,SCROLL_DOWN
0,125250,BA_SCROLL,2,SCROLL_DOWN
0,125283,BA_SCROLL,2,SCROLL_DOWN
0,125318,BA_SCROLL,2,SCROLL_DOWN
0,125352,BA_SCROLL,2,SCROLL_DOWN
0,125383,BA_SCROLL,2,SCROLL_DOWN
0,125418,BA_SCROLL,2,NONE
0,125450,BA_SCROLL,2,NONE
0,125485,BA_SCROLL,2,SCROLL_UP
0,125516,BA_SCROLL,2,SCROLL_UP
0,125552,BA_SCROLL,2,SCROLL_UP
0,125583,BA_SCROLL,2,SCROLL_UP
0,125618,BA_SCROLL,2,SCROLL_UP
0,125650,BA_SCROLL,2,SCROLL_UP
0,125683,BA_SCROLL,2,SCROLL_UP
0,125718,BA_SCROLL,2,SCROLL_UP
0,125752,BA_SCROLL,2,SCROLL_UP
0,125783,BA_SCROLL,2,NONE
0,125818,BA_SCROLL,2,NONE
0,125850,BA_SCROLL,2,SCROLL_DOWN
0,125884,BA_SCROLL,2,SCROLL_DOWN
0,125918,BA_SCROLL,2,SCROLL_DOWN
0,125950,BA_SCROLL,2,SCROLL_DOWN
0,125985,BA_SCROLL,2,SCROLL_DOWN
0,126016,BA_SCROLL,2,SCROLL_DOWN
0,126050,BA_SCROLL,2,SCROLL_DOWN
0,126085,BA_SCROLL,2,SCROLL_DOWN
0,126117,BA_SCROLL,2,SCROLL_DOWN
0,126151,BA_SCROLL,2,SCROLL_DOWN
0,126187,BA_SCROLL,2,SCROLL_DOWN
0,126216,BA_SCROLL,2,NONE
0,126251,BA_SCROLL,2,NONE
0,126283,BA_SCROLL,2,SCROLL_UP
0,126317,BA_SCROLL,2,SCROLL_UP
0,126351,BA_SCROLL,2,SCROLL_UP
0,126383,BA_SCROLL,2,SCROLL_UP
0,126418,BA_SCROLL,2,SCROLL_UP
0,126450,BA_SCROLL,2,SCROLL_UP
0,126483,BA_SCROLL,2,SCROLL_UP
0,126518,BA_SCROLL,2,SCROLL_UP
0,126550,BA_SCROLL,2,SCROLL_UP
0,126585,BA_SCROLL,2,NONE
0,126616,BA_SCROLL,2,NONE
0,126652,BA_SCROLL,2,SCROLL_DOWN
0,126683,BA_SCROLL,2,SCROLL_DOWN
0,126717,BA_SCROLL,2,SCROLL_DOWN
0,126752,BA_SCROLL,2,SCROLL_DOWN
0,126783,BA_SCROLL,2,SCROLL_DOWN
0,126818,BA_SCROLL,2,SCROLL_DOWN
0,126850,BA_SCROLL,2,SCROLL_DOWN
0,126885,BA_SCROLL,2,SCROLL_DOWN
0,126917,BA_SCROLL,2,SCROLL_DOWN
0,126951,BA_SCROLL,2,NONE
0,126985,BA_SCROLL,2,NONE
0,127017,BA_SCROLL,2,SCROLL_UP
0,127051,BA_SCROLL,2,SCROLL_UP
0,127083,BA_SCROLL,2,SCROLL_UP
0,127118,BA_SCROLL,2,SCROLL_UP
0,127150,BA_SCROLL,2,SCROLL_UP
0,127185,BA_SCROLL,2,SCROLL_UP
0,127217,BA_SCROLL,2,SCROLL_UP
0,127250,BA_SCROLL,2,SCROLL_UP
0,127285,BA_SCROLL,2,SCROLL_UP
0,127317,BA_SCROLL,2,NONE
0,127351,BA_SCROLL,2,NONE
0,127383,BA_SCROLL,2,NONE
0,127419,BA_SCROLL,2,SCROLL_DOWN
0,127450,BA_SCROLL,2,SCROLL_DOWN
0,127485,BA_SCROLL,2,SCROLL_DOWN
0,127516,BA_SCROLL,2,SCROLL_DOWN
0,127551,BA_SCROLL,2,SCROLL_DOWN
0,127583,BA_SCROLL,2,SCROLL_DOWN
0,127618,BA_SCROLL,2,SCROLL_DOWN
0,127650,BA_SCROLL,2,SCROLL_DOWN
0,127685,BA_SCROLL,2,SCROLL_DOWN
0,127716,BA_SCROLL,2,SCROLL_DOWN
0,127751,BA_SCROLL,2,SCROLL_DOWN
0,127783,BA_SCROLL,2,NONE
0,127819,BA_SCROLL,2,NONE
0,127850,BA_SCROLL,2,SCROLL_UP
0,127884,BA_SCROLL,2,SCROLL_UP
0,127920,BA_SCROLL,2,SCROLL_UP
0,127950,BA_SCROLL,2,SCROLL_UP
0,127984,BA_SCROLL,2,SCROLL_UP
0,128017,BA_SCROLL,2,SCROLL_UP
0,128052,BA_SCROLL,2,SCROLL_UP
0,128083,BA_SCROLL,2,SCROLL_UP
0,128117,BA_SCROLL,2,SCROLL_UP
0,128150,BA_SCROLL,2,SCROLL_UP
0,128185,BA_SCROLL,2,NONE
0,128216,BA_SCROLL,2,NONE
0,128251,BA_SCROLL,2,NONE
0,128283,BA_SCROLL,2,NONE
0,128318,BA_SCROLL,2,NONE
0,128350,BA_SCROLL,2,SCROLL_DOWN
0,128385,BA_SCROLL,2,SCROLL_DOWN
0,128417,BA_SCROLL,2,SCROLL_DOWN
0,128451,BA_SCROLL,2,SCROLL_DOWN
0,128483,BA_SCROLL,2,SCROLL_DOWN
0,128518,BA_SCROLL,2,SCROLL_DOWN
0,128550,BA_SCROLL,2,SCROLL_DOWN
0,128585,BA_SCROLL,2,SCROLL_DOWN
0,128617,BA_SCROLL,2,SCROLL_DOWN
0,128652,BA_SCROLL,2,SCROLL_DOWN
0,128683,BA_SCROLL,2,SCROLL_DOWN
0,128715,BA_SCROLL,2,SCROLL_DOWN
0,128752,BA_SCROLL,2,SCROLL_DOWN
0,128783,BA_SCROLL,2,SCROLL_DOWN
0,128817,BA_SCROLL,2,SCROLL_DOWN
0,128852,BA_SCROLL,2,SCROLL_DOWN
0,128883,BA_SCROLL,2,SCROLL_DOWN
0,128918,BA_SCROLL,2,SCROLL_DOWN
0,128950,BA_SCROLL,2,SCROLL_DOWN
0,128985,BA_SCROLL,2,SCROLL_DOWN
0,129016,BA_SCROLL,2,NONE
0,129051,BA_SCROLL,2,NONE
0,130816,BA_SCROLL,3,NONE
0,130851,BA_SCROLL,3,NONE
0,130883,BA_SCROLL,3,NONE
0,130916,BA_SCROLL,3,NONE
0,130949,BA_SCROLL,3,NONE
0,130984,BA_SCROLL,3,NONE
0,131019,BA_SCROLL,3,NONE
0,131050,BA_SCROLL,3,NONE
0,131083,BA_SCROLL,3,NONE
0,131119,BA_SCROLL,3,NONE
0,131150,BA_SCROLL,3,NONE
0,131185,BA_SCROLL,3,NONE
0,131216,BA_SCROLL,3,NONE
0,131253,BA_SCROLL,3,NONE
0,131283,BA_SCROLL,3,NONE
0,131321,BA_SCROLL,3,NONE
0,131351,BA_SCROLL,3,NONE
0,131383,BA_SCROLL,3,NONE
0,131419,BA_SCROLL,3,NONE
0,131449,BA_SCROLL,3,SCROLL_UP
0,131486,BA_SCROLL,3,SCROLL_UP
0,131516,BA_SCROLL,3,SCROLL_UP
0,131552,BA_SCROLL,3,SCROLL_UP
0,131584,BA_SCROLL,3,SCROLL_UP
0,131619,BA_SCROLL,3,SCROLL_UP
0,131649,BA_SCROLL,3,SCROLL_UP
0,131685,BA_SCROLL,3,SCROLL_UP
0,131717,BA_SCROLL,3,SCROLL_UP
0,131750,BA_SCROLL,3,SCROLL_UP
0,131786,BA_SCROLL,3,NONE
0,131816,BA_SCROLL,3,NONE
0,131852,BA_SCROLL,3,SCROLL_DOWN
0,131884,BA_SCROLL,3,SCROLL_DOWN
0,131920,BA_SCROLL,3,SCROLL_DOWN
0,131949,BA_SCROLL,3,SCROLL_DOWN
0,131986,BA_SCROLL,3,SCROLL_DOWN
0,132016,BA_SCROLL,3,SCROLL_DOWN
0,132052,BA_SCROLL,3,SCROLL_DOWN
0,132084,BA_SCROLL,3,SCROLL_DOWN
0,132116,BA_SCROLL,3,SCROLL_DOWN
0,132153,BA_SCROLL,3,SCROLL_DOWN
0,132183,BA_SCROLL,3,NONE
0,132219,BA_SCROLL,3,NONE
0,132249,BA_SCROLL,3,NONE
0,132286,BA_SCROLL,3,SCROLL_UP
0,132317,BA_SCROLL,3,SCROLL_UP
0,132352,BA_SCROLL,3,SCROLL_UP
0,132383,BA_SCROLL,3,SCROLL_UP
0,132416,BA_SCROLL,3,SCROLL_UP
0,132450,BA_SCROLL,3,SCROLL_UP
0,132483,BA_SCROLL,3,SCROLL_UP
0,132516,BA_SCROLL,3,SCROLL_UP
0,132550,BA_SCROLL,3,SCROLL_UP
0,132583,BA_SCROLL,3,NONE
0,132616,BA_SCROLL,3,NONE
0,132649,BA_SCROLL,3,NONE
0,132683,BA_SCROLL,3,SCROLL_DOWN
0,132716,BA_SCROLL,3,SCROLL_DOWN
0,132750,BA_SCROLL,3,SCROLL_DOWN
0,132784,BA_SCROLL,3,SCROLL_DOWN
0,132817,BA_SCROLL,3,SCROLL_DOWN
0,132851,BA_SCROLL,3,SCROLL_DOWN
0,132884,BA_SCROLL,3,SCROLL_DOWN
0,132919,BA_SCROLL,3,SCROLL_DOWN
0,132950,BA_SCROLL,3,SCROLL_DOWN
0,132985,BA_SCROLL,3,SCROLL_DOWN
0,133018,BA_SCROLL,3,SCROLL_DOWN
0,133050,BA_SCROLL,3,NONE
0,133087,BA_SCROLL,3,NONE
0,133117,BA_SCROLL,3,SCROLL_UP
0,133154,BA_SCROLL,3,SCROLL_UP
0,133183,BA_SCROLL,3,SCROLL_UP
0,133221,BA_SCROLL,3,SCROLL_UP
0,133250,BA_SCROLL,3,SCROLL_UP
0,133285,BA_SCROLL,3,SCROLL_UP
0,133317,BA_SCROLL,3,SCROLL_UP
0,133352,BA_SCROLL,3,SCROLL_UP
0,133384,BA_SCROLL,3,NONE
0,133416,BA_SCROLL,3,NONE
0,133450,BA_SCROLL,3,NONE
0,133483,BA_SCROLL,3,NONE
0,133516,BA_SCROLL,3,SCROLL_DOWN
0,133549,BA_SCROLL,3,SCROLL_DOWN
0,133583,BA_SCROLL,3,SCROLL_DOWN
0,133616,BA_SCROLL,3,SCROLL_DOWN
0,133650,BA_SCROLL,3,SCROLL_DOWN
0,133683,BA_SCROLL,3,SCROLL_DOWN
0,133713,BA_SCROLL,3,SCROLL_DOWN
0,133751,BA_SCROLL,3,SCROLL_DOWN
0,133784,BA_SCROLL,3,SCROLL_DOWN
0,133817,BA_SCROLL,3,SCROLL_DOWN
0,133851,BA_SCROLL,3,SCROLL_DOWN
0,133885,BA_SCROLL,3,NONE
0,133918,BA_SCROLL,3,NONE
0,133950,BA_SCROLL,3,SCROLL_UP
0,133986,BA_SCROLL,3,SCROLL_UP
0,134016,BA_SCROLL,3,SCROLL_UP
0,134053,BA_SCROLL,3,SCROLL_UP
0,134083,BA_SCROLL,3,SCROLL_UP
0,134119,BA_SCROLL,3,SCROLL_UP
0,134150,BA_SCROLL,3,SCROLL_UP
0,134186,BA_SCROLL,3,SCROLL_UP
0,134216,BA_SCROLL,3,SCROLL_UP
0,134254,BA_SCROLL,3,NONE
0,134283,BA_SCROLL,3,NONE
0,134319,BA_SCROLL,3,SCROLL_DOWN
0,134350,BA_SCROLL,3,SCROLL_DOWN
0,134385,BA_SCROLL,3,SCROLL_DOWN
0,134416,BA_SCROLL,3,SCROLL_DOWN
0,134449,BA_SCROLL,3,SCROLL_DOWN
0,134483,BA_SCROLL,3,SCROLL_DOWN
0,134516,BA_SCROLL,3,SCROLL_DOWN
0,134550,BA_SCROLL,3,SCROLL_DOWN
0,134583,BA_SCROLL,3,SCROLL_DOWN
0,134616,BA_SCROLL,3,SCROLL_DOWN
0,134650,BA_SCROLL,3,SCROLL_DOWN
0,134683,BA_SCROLL,3,SCROLL_DOWN
0,134716,BA_SCROLL,3,NONE
0,134750,BA_SCROLL,3,NONE
0,134784,BA_SCROLL,3,SCROLL_UP
0,134814,BA_SCROLL,3,SCROLL_UP
0,134850,BA_SCROLL,3,SCROLL_UP
0,134887,BA_SCROLL,3,SCROLL_UP
0,134918,BA_SCROLL,3,SCROLL_UP
0,134951,BA_SCROLL,3,SCROLL_UP
0,134984,BA_SCROLL,3,SCROLL_UP
0,135019,BA_SCROLL,3,SCROLL_UP
0,135050,BA_SCROLL,3,SCROLL_UP
0,135086,BA_SCROLL,3,SCROLL_UP
0,135117,BA_SCROLL,3,NONE
0,135155,BA_SCROLL,3,NONE
0,135184,BA_SCROLL,3,NONE
0,135217,BA_SCROLL,3,NONE
0,135254,BA_SCROLL,3,SCROLL_DOWN
0,135284,BA_SCROLL,3,SCROLL_DOWN
0,135318,BA_SCROLL,3,SCROLL_DOWN
0,135351,BA_SCROLL,3,SCROLL_DOWN
0,135384,BA_SCROLL,3,SCROLL_DOWN
0,135417,BA_SCROLL,3,SCROLL_DOWN
0,135451,BA_SCROLL,3,SCROLL_DOWN
0,135484,BA_SCROLL,3,SCROLL_DOWN
0,135517,BA_SCROLL,3,SCROLL_DOWN
0,135551,BA_SCROLL,3,SCROLL_DOWN
0,135584,BA_SCROLL,3,SCROLL_DOWN
0,135617,BA_SCROLL,3,SCROLL_DOWN
0,135653,BA_SCROLL,3,SCROLL_DOWN
0,135683,BA_SCROLL,3,SCROLL_DOWN
0,135720,BA_SCROLL,3,SCROLL_DOWN
0,135750,BA_SCROLL,3,NONE
0,135786,BA_SCROLL,3,NONE
0,135817,BA_SCROLL,3,NONE
0,135851,BA_SCROLL,3,NONE
0,135884,BA_SCROLL,3,NONE
0,135917,BA_SCROLL,3,NONE
0,135953,BA_SCROLL,3,NONE
0,135983,BA_SCROLL,3,NONE
0,136017,BA_SCROLL,3,NONE
0,136051,BA_SCROLL,3,NONE
0,136085,BA_SCROLL,3,NONE
0,136117,BA_SCROLL,3,NONE
0,136152,BA_SCROLL,3,NONE
0,136186,BA_SCROLL,3,NONE
0,136219,BA_SCROLL,3,NONE
0,136253,BA_SCROLL,3,NONE
0,136285,BA_SCROLL,3,NONE
0,136319,BA_SCROLL,3,NONE
0,136352,BA_SCROLL,3,NONE
0,138484,BA_SCROLL,4,NONE
0,138519,BA_SCROLL,4,NONE
0,138552,BA_SCROLL,4,NONE
0,138585,BA_SCROLL,4,NONE
0,138618,BA_SCROLL,4,NONE
0,138651,BA_SCROLL,4,NONE
0,138685,BA_SCROLL,4,NONE
0,138715,BA_SCROLL,4,NONE
0,138753,BA_SCROLL,4,NONE
0,138784,BA_SCROLL,4,NONE
0,138819,BA_SCROLL,4,NONE
0,138851,BA_SCROLL,4,NONE
0,138885,BA_SCROLL,4,NONE
0,138917,BA_SCROLL,4,NONE
0,138951,BA_SCROLL,4,NONE
0,138984,BA_SCROLL,4,NONE
0,139019,BA_SCROLL,4,NONE
0,139050,BA_SCROLL,4,NONE
0,139084,BA_SCROLL,4,NONE
0,139119,BA_SCROLL,4,NONE
0,139151,BA_SCROLL,4,NONE
0,139185,BA_SCROLL,4,NONE
0,139218,BA_SCROLL,4,NONE
0,139253,BA_SCROLL,4,SCROLL_UP
0,139284,BA_SCROLL,4,SCROLL_UP
0,139319,BA_SCROLL,4,SCROLL_UP
0,139351,BA_SCROLL,4,SCROLL_UP
0,139384,BA_SCROLL,4,SCROLL_UP
0,139418,BA_SCROLL,4,SCROLL_UP
0,139450,BA_SCROLL,4,SCROLL_UP
0,139485,BA_SCROLL,4,SCROLL_UP
0,139517,BA_SCROLL,4,SCROLL_UP
0,139552,BA_SCROLL,4,SCROLL_UP
0,139585,BA_SCROLL,4,NONE
0,139617,BA_SCROLL,4,NONE
0,139652,BA_SCROLL,4,NONE
0,139685,BA_SCROLL,4,SCROLL_DOWN
0,139718,BA_SCROLL,4,SCROLL_DOWN
0,139752,BA_SCROLL,4,SCROLL_DOWN
0,139784,BA_SCROLL,4,SCROLL_DOWN
0,139819,BA_SCROLL,4,SCROLL_DOWN
0,139851,BA_SCROLL,4,SCROLL_DOWN
0,139886,BA_SCROLL,4,SCROLL_DOWN
0,139918,BA_SCROLL,4,SCROLL_DOWN
0,139952,BA_SCROLL,4,SCROLL_DOWN
0,139985,BA_SCROLL,4,SCROLL_DOWN
0,140018,BA_SCROLL,4,SCROLL_DOWN
0,140051,BA_SCROLL,4,NONE
0,140085,BA_SCROLL,4,NONE
0,140119,BA_SCROLL,4,NONE
0,140152,BA_SCROLL,4,NONE
0,140185,BA_SCROLL,4,SCROLL_UP
0,140218,BA_SCROLL,4,SCROLL_UP
0,140251,BA_SCROLL,4,SCROLL_UP
0,140285,BA_SCROLL,4,SCROLL_UP
0,140317,BA_SCROLL,4,SCROLL_UP
0,140352,BA_SCROLL,4,SCROLL_UP
0,140385,BA_SCROLL,4,SCROLL_UP
0,140418,BA_SCROLL,4,SCROLL_UP
0,140452,BA_SCROLL,4,SCROLL_UP
0,140485,BA_SCROLL,4,SCROLL_UP
0,140518,BA_SCROLL,4,NONE
0,140553,BA_SCROLL,4,NONE
0,140585,BA_SCROLL,4,NONE
0,140617,BA_SCROLL,4,SCROLL_DOWN
0,140652,BA_SCROLL,4,SCROLL_DOWN
0,140684,BA_SCROLL,4,SCROLL_DOWN
0,140719,BA_SCROLL,4,SCROLL_DOWN
0,140751,BA_SCROLL,4,SCROLL_DOWN
0,140783,BA_SCROLL,4,SCROLL_DOWN
0,140820,BA_SCROLL,4,SCROLL_DOWN
0,140851,BA_SCROLL,4,SCROLL_DOWN
0,140885,BA_SCROLL,4,SCROLL_DOWN
0,140918,BA_SCROLL,4,SCROLL_DOWN
0,140951,BA_SCROLL,4,NONE
0,140986,BA_SCROLL,4,NONE
0,141018,BA_SCROLL,4,NONE
0,141052,BA_SCROLL,4,NONE
0,141084,BA_SCROLL,4,SCROLL_UP
0,141119,BA_SCROLL,4,SCROLL_UP
0,141151,BA_SCROLL,4,SCROLL_UP
0,141185,BA_SCROLL,4,SCROLL_UP
0,141219,BA_SCROLL,4,SCROLL_UP
0,141251,BA_SCROLL,4,SCROLL_UP
0,141285,BA_SCROLL,4,SCROLL_UP
0,141318,BA_SCROLL,4,SCROLL_UP
0,141352,BA_SCROLL,4,SCROLL_UP
0,141384,BA_SCROLL,4,NONE
0,141419,BA_SCROLL,4,NONE
0,141451,BA_SCROLL,4,NONE
0,141485,BA_SCROLL,4,SCROLL_DOWN
0,141520,BA_SCROLL,4,SCROLL_DOWN
0,141551,BA_SCROLL,4,SCROLL_DOWN
0,141585,BA_SCROLL,4,SCROLL_DOWN
0,141620,BA_SCROLL,4,SCROLL_DOWN
0,141651,BA_SCROLL,4,SCROLL_DOWN
0,141685,BA_SCROLL,4,SCROLL_DOWN
0,141718,BA_SCROLL,4,SCROLL_DOWN
0,141752,BA_SCROLL,4,SCROLL_DOWN
0,141784,BA_SCROLL,4,SCROLL_DOWN
0,141818,BA_SCROLL,4,NONE
0,141851,BA_SCROLL,4,NONE
0,141885,BA_SCROLL,4,NONE
0,141919,BA_SCROLL,4,NONE
0,141951,BA_SCROLL,4,SCROLL_UP
0,141985,BA_SCROLL,4,SCROLL_UP
0,142018,BA_SCROLL,4,SCROLL_UP
0,142052,BA_SCROLL,4,SCROLL_UP
0,142085,BA_SCROLL,4,SCROLL_UP
0,142118,BA_SCROLL,4,SCROLL_UP
0,142152,BA_SCROLL,4,SCROLL_UP
0,142185,BA_SCROLL,4,SCROLL_UP
0,142218,BA_SCROLL,4,SCROLL_UP
0,142252,BA_SCROLL,4,SCROLL_UP
0,142284,BA_SCROLL,4,SCROLL_UP
0,142319,BA_SCROLL,4,NONE
0,142352,BA_SCROLL,4,NONE
0,142384,BA_SCROLL,4,NONE
0,142419,BA_SCROLL,4,NONE
0,142451,BA_SCROLL,4,SCROLL_DOWN
0,142485,BA_SCROLL,4,SCROLL_DOWN
0,142518,BA_SCROLL,4,SCROLL_DOWN
0,142552,BA_SCROLL,4,SCROLL_DOWN
0,142586,BA_SCROLL,4,SCROLL_DOWN
0,142618,BA_SCROLL,4,SCROLL_DOWN
0,142651,BA_SCROLL,4,SCROLL_DOWN
0,142685,BA_SCROLL,4,SCROLL_DOWN
0,142718,BA_SCROLL,4,SCROLL_DOWN
0,142752,BA_SCROLL,4,SCROLL_DOWN
0,142785,BA_SCROLL,4,SCROLL_DOWN
0,142819,BA_SCROLL,4,SCROLL_DOWN
0,142852,BA_SCROLL,4,NONE
0,142885,BA_SCROLL,4,NONE
0,142918,BA_SCROLL,4,NONE
0,142952,BA_SCROLL,4,NONE
0,142984,BA_SCROLL,4,NONE
0,143019,BA_SCROLL,4,SCROLL_UP
0,143051,BA_SCROLL,4,SCROLL_UP
0,143086,BA_SCROLL,4,SCROLL_UP
0,143119,BA_SCROLL,4,SCROLL_UP
0,143151,BA_SCROLL,4,SCROLL_UP
0,143186,BA_SCROLL,4,SCROLL_UP
0,143219,BA_SCROLL,4,SCROLL_UP
0,143251,BA_SCROLL,4,SCROLL_UP
0,143286,BA_SCROLL,4,SCROLL_UP
0,143318,BA_SCROLL,4,SCROLL_UP
0,143352,BA_SCROLL,4,SCROLL_UP
0,143385,BA_SCROLL,4,NONE
0,143419,BA_SCROLL,4,NONE
0,143452,BA_SCROLL,4,NONE
0,143484,BA_SCROLL,4,NONE
0,143519,BA_SCROLL,4,NONE
0,143551,BA_SCROLL,4,SCROLL_DOWN
0,143585,BA_SCROLL,4,SCROLL_DOWN
0,143620,BA_SCROLL,4,SCROLL_DOWN
0,143652,BA_SCROLL,4,SCROLL_DOWN
0,143685,BA_SCROLL,4,SCROLL_DOWN
0,143715,BA_SCROLL,4,SCROLL_DOWN
0,143754,BA_SCROLL,4,SCROLL_DOWN
0,143785,BA_SCROLL,4,SCROLL_DOWN
0,143819,BA_SCROLL,4,SCROLL_DOWN
0,143851,BA_SCROLL,4,SCROLL_DOWN
0,143886,BA_SCROLL,4,SCROLL_DOWN
0,143918,BA_SCROLL,4,SCROLL_DOWN
0,143952,BA_SCROLL,4,SCROLL_DOWN
0,143986,BA_SCROLL,4,SCROLL_DOWN
0,144018,BA_SCROLL,4,NONE
0,144052,BA_SCROLL,4,NONE
0,144085,BA_SCROLL,4,NONE
0,144118,BA_SCROLL,4,NONE
0,144153,BA_SCROLL,4,NONE
0,144186,BA_SCROLL,4,NONE
0,144219,BA_SCROLL,4,NONE
0,144251,BA_SCROLL,4,NONE
0,144287,BA_SCROLL,4,NONE
0,144319,BA_SCROLL,4,NONE
0,144353,BA_SCROLL,4,NONE
