timestamp,task,trail,label
48408,BA_POINT,0,none
48438,BA_POINT,0,none
48475,BA_POINT,0,none
48507,BA_POINT,0,none
48540,BA_POINT,0,none
48575,BA_POINT,0,none
48607,BA_POINT,0,none
48641,BA_POINT,0,none
48674,BA_POINT,0,none
48709,BA_POINT,0,none
48742,BA_POINT,0,none
48775,BA_POINT,0,none
48807,BA_POINT,0,none
48840,BA_POINT,0,none
48875,BA_POINT,0,none
48908,BA_POINT,0,none
48942,BA_POINT,0,none
48975,BA_POINT,0,none
49009,BA_POINT,0,none
49041,BA_POINT,0,none
49074,BA_POINT,0,none
49107,BA_POINT,0,none
49141,BA_POINT,0,none
49176,BA_POINT,0,none
49207,BA_POINT,0,none
49242,BA_POINT,0,none
49274,BA_POINT,0,none
49308,BA_POINT,0,none
49340,BA_POINT,0,none
49374,BA_POINT,0,none
49407,BA_POINT,0,none
49441,BA_POINT,0,none
49475,BA_POINT,0,none
49508,BA_POINT,0,none
49541,BA_POINT,0,none
49574,BA_POINT,0,none
49606,BA_POINT,0,none
49638,BA_POINT,0,none
49674,BA_POINT,0,none
49706,BA_POINT,0,none
49738,BA_POINT,0,none
49769,BA_POINT,0,none
49802,BA_POINT,0,none
49836,BA_POINT,0,none
49872,BA_POINT,0,none
49903,BA_POINT,0,none
49941,BA_POINT,0,none
49973,BA_POINT,0,none
50006,BA_POINT,0,none
50040,BA_POINT,0,none
50073,BA_POINT,0,none
50107,BA_POINT,0,none
50140,BA_POINT,0,none
50175,BA_POINT,0,none
50207,BA_POINT,0,none
50239,BA_POINT,0,none
50271,BA_POINT,0,none
50307,BA_POINT,0,none
50340,BA_POINT,0,none
50374,BA_POINT,0,none
50407,BA_POINT,0,none
50439,BA_POINT,0,none
50474,BA_POINT,0,none
50505,BA_POINT,0,none
50540,BA_POINT,0,none
50573,BA_POINT,0,none
50607,BA_POINT,0,none
50641,BA_POINT,0,none
50674,BA_POINT,0,none
50707,BA_POINT,0,none
50737,BA_POINT,0,none
50770,BA_POINT,0,none
50803,BA_POINT,0,none
50837,BA_POINT,0,none
50870,BA_POINT,0,none
50904,BA_POINT,0,none
50937,BA_POINT,0,none
50970,BA_POINT,0,none
51003,BA_POINT,0,none
51037,BA_POINT,0,none
51071,BA_POINT,0,none
51104,BA_POINT,0,none
52006,BA_POINT,1,none
52041,BA_POINT,1,none
52074,BA_POINT,1,none
52106,BA_POINT,1,none
52141,BA_POINT,1,none
52174,BA_POINT,1,none
52209,BA_POINT,1,none
52239,BA_POINT,1,none
52275,BA_POINT,1,none
52308,BA_POINT,1,none
52338,BA_POINT,1,none
52374,BA_POINT,1,none
52406,BA_POINT,1,none
52441,BA_POINT,1,none
52473,BA_POINT,1,none
52507,BA_POINT,1,none
52542,BA_POINT,1,none
52574,BA_POINT,1,none
52608,BA_POINT,1,none
52640,BA_POINT,1,none
52673,BA_POINT,1,none
52708,BA_POINT,1,none
52740,BA_POINT,1,none
52776,BA_POINT,1,none
52807,BA_POINT,1,none
52842,BA_POINT,1,none
52874,BA_POINT,1,none
52908,BA_POINT,1,none
52941,BA_POINT,1,none
52973,BA_POINT,1,none
53006,BA_POINT,1,none
53042,BA_POINT,1,none
53075,BA_POINT,1,none
53107,BA_POINT,1,none
53143,BA_POINT,1,none
53175,BA_POINT,1,none
53208,BA_POINT,1,none
53240,BA_POINT,1,none
53807,BA_POINT,2,none
53839,BA_POINT,2,none
53874,BA_POINT,2,none
53908,BA_POINT,2,none
53941,BA_POINT,2,none
53973,BA_POINT,2,none
54010,BA_POINT,2,none
54041,BA_POINT,2,none
54074,BA_POINT,2,none
54106,BA_POINT,2,none
54141,BA_POINT,2,none
54174,BA_POINT,2,none
54209,BA_POINT,2,none
54241,BA_POINT,2,none
54276,BA_POINT,2,none
54308,BA_POINT,2,none
54342,BA_POINT,2,none
54373,BA_POINT,2,none
54406,BA_POINT,2,none
54441,BA_POINT,2,none
54474,BA_POINT,2,none
54509,BA_POINT,2,none
54542,BA_POINT,2,none
54574,BA_POINT,2,none
54608,BA_POINT,2,none
54643,BA_POINT,2,none
54673,BA_POINT,2,none
54707,BA_POINT,2,none
54742,BA_POINT,2,none
54774,BA_POINT,2,none
54807,BA_POINT,2,none
54842,BA_POINT,2,none
54874,BA_POINT,2,none
54909,BA_POINT,2,none
54941,BA_POINT,2,none
54976,BA_POINT,2,none
55007,BA_POINT,2,none
55040,BA_POINT,2,none
55076,BA_POINT,2,none
55108,BA_POINT,2,none
55142,BA_POINT,2,none
55176,BA_POINT,2,none
55206,BA_POINT,2,none
55242,BA_POINT,2,none
55273,BA_POINT,2,none
55307,BA_POINT,2,none
55341,BA_POINT,2,none
55376,BA_POINT,2,none
55408,BA_POINT,2,none
55442,BA_POINT,2,none
55477,BA_POINT,2,none
55507,BA_POINT,2,none
55542,BA_POINT,2,none
55576,BA_POINT,2,none
55607,BA_POINT,2,none
55641,BA_POINT,2,none
55675,BA_POINT,2,none
55707,BA_POINT,2,none
55742,BA_POINT,2,none
55775,BA_POINT,2,none
55810,BA_POINT,2,none
55840,BA_POINT,2,none
55875,BA_POINT,2,none
55907,BA_POINT,2,none
55941,BA_POINT,2,none
55976,BA_POINT,2,none
56007,BA_POINT,2,none
56042,BA_POINT,2,none
56673,BA_POINT,3,none
56704,BA_POINT,3,none
56742,BA_POINT,3,none
56776,BA_POINT,3,none
56809,BA_POINT,3,none
56840,BA_POINT,3,none
56874,BA_POINT,3,none
56907,BA_POINT,3,none
56942,BA_POINT,3,none
56973,BA_POINT,3,none
57009,BA_POINT,3,none
57042,BA_POINT,3,none
57076,BA_POINT,3,none
57107,BA_POINT,3,none
57142,BA_POINT,3,none
57174,BA_POINT,3,none
57207,BA_POINT,3,none
57240,BA_POINT,3,none
57275,BA_POINT,3,none
57307,BA_POINT,3,none
57342,BA_POINT,3,none
57373,BA_POINT,3,none
57409,BA_POINT,3,none
57442,BA_POINT,3,none
57477,BA_POINT,3,none
57506,BA_POINT,3,none
57543,BA_POINT,3,none
57574,BA_POINT,3,none
57607,BA_POINT,3,none
57642,BA_POINT,3,none
57675,BA_POINT,3,none
57709,BA_POINT,3,none
57740,BA_POINT,3,none
57775,BA_POINT,3,none
57809,BA_POINT,3,none
57842,BA_POINT,3,none
57875,BA_POINT,3,none
57909,BA_POINT,3,none
57941,BA_POINT,3,none
57976,BA_POINT,3,none
58007,BA_POINT,3,none
58042,BA_POINT,3,none
58076,BA_POINT,3,none
58107,BA_POINT,3,none
58140,BA_POINT,3,none
58174,BA_POINT,3,none
58209,BA_POINT,3,none
58241,BA_POINT,3,none
58276,BA_POINT,3,none
58309,BA_POINT,3,none
58342,BA_POINT,3,none
58841,BA_POINT,4,none
58872,BA_POINT,4,none
58910,BA_POINT,4,none
58942,BA_POINT,4,none
58976,BA_POINT,4,none
59010,BA_POINT,4,none
59042,BA_POINT,4,none
59077,BA_POINT,4,none
59108,BA_POINT,4,none
59144,BA_POINT,4,none
59176,BA_POINT,4,none
59210,BA_POINT,4,none
59242,BA_POINT,4,none
59276,BA_POINT,4,none
59309,BA_POINT,4,none
59342,BA_POINT,4,none
59375,BA_POINT,4,none
59409,BA_POINT,4,none
59442,BA_POINT,4,none
59476,BA_POINT,4,none
59509,BA_POINT,4,none
59543,BA_POINT,4,none
59574,BA_POINT,4,none
59609,BA_POINT,4,none
59643,BA_POINT,4,none
59673,BA_POINT,4,none
59707,BA_POINT,4,none
59741,BA_POINT,4,none
59775,BA_POINT,4,none
59808,BA_POINT,4,none
59841,BA_POINT,4,none
59875,BA_POINT,4,none
59908,BA_POINT,4,none
59941,BA_POINT,4,none
59975,BA_POINT,4,none
60009,BA_POINT,4,none
60043,BA_POINT,4,none
60075,BA_POINT,4,none
60109,BA_POINT,4,none
60142,BA_POINT,4,none
60176,BA_POINT,4,none
60209,BA_POINT,4,none
60240,BA_POINT,4,none
60275,BA_POINT,4,none
60306,BA_POINT,4,none
60341,BA_POINT,4,none
60374,BA_POINT,4,none
60408,BA_POINT,4,none
60441,BA_POINT,4,none
62141,BA_LEFT_CLICK,0,none
62176,BA_LEFT_CLICK,0,none
62209,BA_LEFT_CLICK,0,none
62242,BA_LEFT_CLICK,0,none
62276,BA_LEFT_CLICK,0,none
62310,BA_LEFT_CLICK,0,none
62343,BA_LEFT_CLICK,0,none
62376,BA_LEFT_CLICK,0,none
62410,BA_LEFT_CLICK,0,none
62443,BA_LEFT_CLICK,0,none
62476,BA_LEFT_CLICK,0,none
62507,BA_LEFT_CLICK,0,none
62540,BA_LEFT_CLICK,0,none
62575,BA_LEFT_CLICK,0,none
62608,BA_LEFT_CLICK,0,none
62638,BA_LEFT_CLICK,0,none
62671,BA_LEFT_CLICK,0,none
62705,BA_LEFT_CLICK,0,none
62743,BA_LEFT_CLICK,0,none
62775,BA_LEFT_CLICK,0,none
62811,BA_LEFT_CLICK,0,none
62841,BA_LEFT_CLICK,0,none
62877,BA_LEFT_CLICK,0,left_press
62909,BA_LEFT_CLICK,0,left_press
62944,BA_LEFT_CLICK,0,left_press
62976,BA_LEFT_CLICK,0,left_press
63010,BA_LEFT_CLICK,0,left_press
63043,BA_LEFT_CLICK,0,left_press
63076,BA_LEFT_CLICK,0,left_press
63110,BA_LEFT_CLICK,0,left_press
63144,BA_LEFT_CLICK,0,left_press
63178,BA_LEFT_CLICK,0,left_press
63209,BA_LEFT_CLICK,0,left_press
63244,BA_LEFT_CLICK,0,left_press
63277,BA_LEFT_CLICK,0,left_press
63310,BA_LEFT_CLICK,0,left_press
63344,BA_LEFT_CLICK,0,left_press
63377,BA_LEFT_CLICK,0,left_press
63410,BA_LEFT_CLICK,0,left_press
63444,BA_LEFT_CLICK,0,left_press
63473,BA_LEFT_CLICK,0,left_press
63511,BA_LEFT_CLICK,0,left_press
63544,BA_LEFT_CLICK,0,left_press
63577,BA_LEFT_CLICK,0,left_release
63611,BA_LEFT_CLICK,0,left_release
63643,BA_LEFT_CLICK,0,left_release
63677,BA_LEFT_CLICK,0,left_release
63713,BA_LEFT_CLICK,0,left_release
63743,BA_LEFT_CLICK,0,left_release
63777,BA_LEFT_CLICK,0,left_release
63811,BA_LEFT_CLICK,0,left_release
63844,BA_LEFT_CLICK,0,left_release
63877,BA_LEFT_CLICK,0,none
63911,BA_LEFT_CLICK,0,none
63944,BA_LEFT_CLICK,0,none
63978,BA_LEFT_CLICK,0,none
64008,BA_LEFT_CLICK,0,none
64044,BA_LEFT_CLICK,0,none
64076,BA_LEFT_CLICK,0,none
65244,BA_LEFT_CLICK,1,none
65276,BA_LEFT_CLICK,1,none
65311,BA_LEFT_CLICK,1,none
65343,BA_LEFT_CLICK,1,none
65377,BA_LEFT_CLICK,1,none
65410,BA_LEFT_CLICK,1,none
65444,BA_LEFT_CLICK,1,none
65477,BA_LEFT_CLICK,1,none
65511,BA_LEFT_CLICK,1,none
65543,BA_LEFT_CLICK,1,none
65577,BA_LEFT_CLICK,1,none
65611,BA_LEFT_CLICK,1,none
65644,BA_LEFT_CLICK,1,none
65678,BA_LEFT_CLICK,1,none
65710,BA_LEFT_CLICK,1,none
65744,BA_LEFT_CLICK,1,none
65775,BA_LEFT_CLICK,1,none
65811,BA_LEFT_CLICK,1,none
65844,BA_LEFT_CLICK,1,none
65877,BA_LEFT_CLICK,1,none
65910,BA_LEFT_CLICK,1,none
65944,BA_LEFT_CLICK,1,none
65976,BA_LEFT_CLICK,1,none
66010,BA_LEFT_CLICK,1,none
66045,BA_LEFT_CLICK,1,none
66078,BA_LEFT_CLICK,1,none
66110,BA_LEFT_CLICK,1,none
66144,BA_LEFT_CLICK,1,none
66178,BA_LEFT_CLICK,1,none
66211,BA_LEFT_CLICK,1,none
66244,BA_LEFT_CLICK,1,none
66278,BA_LEFT_CLICK,1,none
66305,BA_LEFT_CLICK,1,none
66342,BA_LEFT_CLICK,1,none
66375,BA_LEFT_CLICK,1,none
66409,BA_LEFT_CLICK,1,none
66442,BA_LEFT_CLICK,1,none
66475,BA_LEFT_CLICK,1,none
66509,BA_LEFT_CLICK,1,none
66542,BA_LEFT_CLICK,1,none
66576,BA_LEFT_CLICK,1,none
66609,BA_LEFT_CLICK,1,none
66642,BA_LEFT_CLICK,1,none
66676,BA_LEFT_CLICK,1,none
66709,BA_LEFT_CLICK,1,none
66743,BA_LEFT_CLICK,1,none
66777,BA_LEFT_CLICK,1,left_press
66810,BA_LEFT_CLICK,1,left_press
66843,BA_LEFT_CLICK,1,left_press
66876,BA_LEFT_CLICK,1,left_press
66910,BA_LEFT_CLICK,1,left_press
66944,BA_LEFT_CLICK,1,left_press
66978,BA_LEFT_CLICK,1,left_press
67010,BA_LEFT_CLICK,1,left_press
67045,BA_LEFT_CLICK,1,left_press
67077,BA_LEFT_CLICK,1,left_release
67111,BA_LEFT_CLICK,1,left_release
67144,BA_LEFT_CLICK,1,left_release
67178,BA_LEFT_CLICK,1,left_release
67210,BA_LEFT_CLICK,1,left_release
67243,BA_LEFT_CLICK,1,left_release
67278,BA_LEFT_CLICK,1,left_release
67310,BA_LEFT_CLICK,1,left_release
67344,BA_LEFT_CLICK,1,left_release
67378,BA_LEFT_CLICK,1,left_release
67411,BA_LEFT_CLICK,1,left_release
67444,BA_LEFT_CLICK,1,left_release
67477,BA_LEFT_CLICK,1,none
67511,BA_LEFT_CLICK,1,none
67544,BA_LEFT_CLICK,1,none
67576,BA_LEFT_CLICK,1,none
67611,BA_LEFT_CLICK,1,none
68244,BA_LEFT_CLICK,2,none
68276,BA_LEFT_CLICK,2,none
68311,BA_LEFT_CLICK,2,none
68343,BA_LEFT_CLICK,2,none
68377,BA_LEFT_CLICK,2,none
68411,BA_LEFT_CLICK,2,none
68443,BA_LEFT_CLICK,2,none
68478,BA_LEFT_CLICK,2,none
68511,BA_LEFT_CLICK,2,none
68544,BA_LEFT_CLICK,2,none
68577,BA_LEFT_CLICK,2,none
68611,BA_LEFT_CLICK,2,none
68644,BA_LEFT_CLICK,2,none
68678,BA_LEFT_CLICK,2,none
68710,BA_LEFT_CLICK,2,none
68745,BA_LEFT_CLICK,2,none
68777,BA_LEFT_CLICK,2,none
68811,BA_LEFT_CLICK,2,none
68843,BA_LEFT_CLICK,2,none
68878,BA_LEFT_CLICK,2,none
68911,BA_LEFT_CLICK,2,none
68944,BA_LEFT_CLICK,2,none
68978,BA_LEFT_CLICK,2,none
69010,BA_LEFT_CLICK,2,none
69044,BA_LEFT_CLICK,2,none
69078,BA_LEFT_CLICK,2,none
69111,BA_LEFT_CLICK,2,none
69145,BA_LEFT_CLICK,2,none
69178,BA_LEFT_CLICK,2,none
69211,BA_LEFT_CLICK,2,none
69244,BA_LEFT_CLICK,2,none
69278,BA_LEFT_CLICK,2,none
69311,BA_LEFT_CLICK,2,none
69344,BA_LEFT_CLICK,2,none
69378,BA_LEFT_CLICK,2,left_press
69409,BA_LEFT_CLICK,2,left_press
69444,BA_LEFT_CLICK,2,left_press
69477,BA_LEFT_CLICK,2,left_press
69511,BA_LEFT_CLICK,2,left_press
69545,BA_LEFT_CLICK,2,left_press
69577,BA_LEFT_CLICK,2,left_press
69611,BA_LEFT_CLICK,2,left_press
69644,BA_LEFT_CLICK,2,left_press
69678,BA_LEFT_CLICK,2,left_press
69711,BA_LEFT_CLICK,2,left_press
69744,BA_LEFT_CLICK,2,left_release
69778,BA_LEFT_CLICK,2,left_release
69810,BA_LEFT_CLICK,2,left_release
69844,BA_LEFT_CLICK,2,left_release
69877,BA_LEFT_CLICK,2,left_release
69911,BA_LEFT_CLICK,2,left_release
69944,BA_LEFT_CLICK,2,left_release
69978,BA_LEFT_CLICK,2,left_release
70011,BA_LEFT_CLICK,2,left_release
70044,BA_LEFT_CLICK,2,left_release
70078,BA_LEFT_CLICK,2,left_release
70111,BA_LEFT_CLICK,2,left_release
70144,BA_LEFT_CLICK,2,left_release
70178,BA_LEFT_CLICK,2,left_release
70211,BA_LEFT_CLICK,2,left_release
70243,BA_LEFT_CLICK,2,none
70277,BA_LEFT_CLICK,2,none
70311,BA_LEFT_CLICK,2,none
70842,BA_LEFT_CLICK,3,none
70877,BA_LEFT_CLICK,3,none
70909,BA_LEFT_CLICK,3,none
70944,BA_LEFT_CLICK,3,none
70976,BA_LEFT_CLICK,3,none
71011,BA_LEFT_CLICK,3,none
71045,BA_LEFT_CLICK,3,none
71077,BA_LEFT_CLICK,3,none
71111,BA_LEFT_CLICK,3,none
71144,BA_LEFT_CLICK,3,none
71178,BA_LEFT_CLICK,3,none
71211,BA_LEFT_CLICK,3,none
71244,BA_LEFT_CLICK,3,none
71278,BA_LEFT_CLICK,3,none
71306,BA_LEFT_CLICK,3,none
71345,BA_LEFT_CLICK,3,none
71378,BA_LEFT_CLICK,3,none
71411,BA_LEFT_CLICK,3,none
71445,BA_LEFT_CLICK,3,none
71478,BA_LEFT_CLICK,3,none
71511,BA_LEFT_CLICK,3,none
71544,BA_LEFT_CLICK,3,none
71578,BA_LEFT_CLICK,3,none
71611,BA_LEFT_CLICK,3,left_press
71644,BA_LEFT_CLICK,3,left_press
71678,BA_LEFT_CLICK,3,left_press
71709,BA_LEFT_CLICK,3,left_press
71743,BA_LEFT_CLICK,3,left_press
71778,BA_LEFT_CLICK,3,left_press
71812,BA_LEFT_CLICK,3,left_press
71844,BA_LEFT_CLICK,3,left_press
71878,BA_LEFT_CLICK,3,left_release
71911,BA_LEFT_CLICK,3,left_release
71944,BA_LEFT_CLICK,3,left_release
71978,BA_LEFT_CLICK,3,left_release
72011,BA_LEFT_CLICK,3,left_release
72044,BA_LEFT_CLICK,3,left_release
72078,BA_LEFT_CLICK,3,left_release
72111,BA_LEFT_CLICK,3,left_release
72144,BA_LEFT_CLICK,3,left_release
72178,BA_LEFT_CLICK,3,left_release
72211,BA_LEFT_CLICK,3,none
72244,BA_LEFT_CLICK,3,none
72278,BA_LEFT_CLICK,3,none
72311,BA_LEFT_CLICK,3,none
72344,BA_LEFT_CLICK,3,none
72378,BA_LEFT_CLICK,3,none
72411,BA_LEFT_CLICK,3,none
72444,BA_LEFT_CLICK,3,none
72478,BA_LEFT_CLICK,3,none
72511,BA_LEFT_CLICK,3,none
72544,BA_LEFT_CLICK,3,none
72578,BA_LEFT_CLICK,3,none
72611,BA_LEFT_CLICK,3,none
72647,BA_LEFT_CLICK,3,none
72677,BA_LEFT_CLICK,3,none
72711,BA_LEFT_CLICK,3,none
72745,BA_LEFT_CLICK,3,none
72778,BA_LEFT_CLICK,3,none
72811,BA_LEFT_CLICK,3,none
72845,BA_LEFT_CLICK,3,none
72878,BA_LEFT_CLICK,3,none
73411,BA_LEFT_CLICK,4,none
73444,BA_LEFT_CLICK,4,none
73478,BA_LEFT_CLICK,4,none
73510,BA_LEFT_CLICK,4,none
73544,BA_LEFT_CLICK,4,none
73578,BA_LEFT_CLICK,4,none
73609,BA_LEFT_CLICK,4,none
73645,BA_LEFT_CLICK,4,none
73678,BA_LEFT_CLICK,4,none
73711,BA_LEFT_CLICK,4,none
73745,BA_LEFT_CLICK,4,none
73778,BA_LEFT_CLICK,4,none
73811,BA_LEFT_CLICK,4,none
73844,BA_LEFT_CLICK,4,none
73878,BA_LEFT_CLICK,4,none
73911,BA_LEFT_CLICK,4,none
73944,BA_LEFT_CLICK,4,none
73978,BA_LEFT_CLICK,4,none
74011,BA_LEFT_CLICK,4,none
74040,BA_LEFT_CLICK,4,none
74075,BA_LEFT_CLICK,4,none
74112,BA_LEFT_CLICK,4,none
74146,BA_LEFT_CLICK,4,none
74175,BA_LEFT_CLICK,4,none
74209,BA_LEFT_CLICK,4,none
74242,BA_LEFT_CLICK,4,none
74277,BA_LEFT_CLICK,4,none
74309,BA_LEFT_CLICK,4,none
74343,BA_LEFT_CLICK,4,none
74377,BA_LEFT_CLICK,4,none
74410,BA_LEFT_CLICK,4,none
74443,BA_LEFT_CLICK,4,none
74476,BA_LEFT_CLICK,4,none
74510,BA_LEFT_CLICK,4,none
74542,BA_LEFT_CLICK,4,none
74578,BA_LEFT_CLICK,4,none
74611,BA_LEFT_CLICK,4,none
74642,BA_LEFT_CLICK,4,none
74679,BA_LEFT_CLICK,4,none
74711,BA_LEFT_CLICK,4,none
74745,BA_LEFT_CLICK,4,none
74778,BA_LEFT_CLICK,4,none
74811,BA_LEFT_CLICK,4,none
74845,BA_LEFT_CLICK,4,none
74878,BA_LEFT_CLICK,4,none
74912,BA_LEFT_CLICK,4,none
74944,BA_LEFT_CLICK,4,none
74978,BA_LEFT_CLICK,4,none
75011,BA_LEFT_CLICK,4,none
75045,BA_LEFT_CLICK,4,none
75077,BA_LEFT_CLICK,4,none
75112,BA_LEFT_CLICK,4,none
75145,BA_LEFT_CLICK,4,none
75178,BA_LEFT_CLICK,4,none
75211,BA_LEFT_CLICK,4,none
75244,BA_LEFT_CLICK,4,none
75278,BA_LEFT_CLICK,4,left_press
75311,BA_LEFT_CLICK,4,left_press
75344,BA_LEFT_CLICK,4,left_press
75378,BA_LEFT_CLICK,4,left_press
75412,BA_LEFT_CLICK,4,left_press
75445,BA_LEFT_CLICK,4,left_press
75478,BA_LEFT_CLICK,4,left_press
75512,BA_LEFT_CLICK,4,left_press
75545,BA_LEFT_CLICK,4,left_press
75578,BA_LEFT_CLICK,4,left_press
75611,BA_LEFT_CLICK,4,left_release
75645,BA_LEFT_CLICK,4,left_release
75679,BA_LEFT_CLICK,4,left_release
75711,BA_LEFT_CLICK,4,left_release
75745,BA_LEFT_CLICK,4,left_release
75776,BA_LEFT_CLICK,4,left_release
75807,BA_LEFT_CLICK,4,left_release
75840,BA_LEFT_CLICK,4,left_release
75874,BA_LEFT_CLICK,4,left_release
75907,BA_LEFT_CLICK,4,left_release
75940,BA_LEFT_CLICK,4,left_release
75977,BA_LEFT_CLICK,4,left_release
76011,BA_LEFT_CLICK,4,left_release
76044,BA_LEFT_CLICK,4,left_release
76078,BA_LEFT_CLICK,4,left_release
76108,BA_LEFT_CLICK,4,none
76140,BA_LEFT_CLICK,4,none
76174,BA_LEFT_CLICK,4,none
76207,BA_LEFT_CLICK,4,none
76240,BA_LEFT_CLICK,4,none
76273,BA_LEFT_CLICK,4,none
76308,BA_LEFT_CLICK,4,none
76340,BA_LEFT_CLICK,4,none
76373,BA_LEFT_CLICK,4,none
76409,BA_LEFT_CLICK,4,none
76440,BA_LEFT_CLICK,4,none
76473,BA_LEFT_CLICK,4,none
76507,BA_LEFT_CLICK,4,none
76542,BA_LEFT_CLICK,4,none
76575,BA_LEFT_CLICK,4,none
77940,BA_RIGHT_CLICK,0,none
77974,BA_RIGHT_CLICK,0,none
78009,BA_RIGHT_CLICK,0,none
78044,BA_RIGHT_CLICK,0,none
78078,BA_RIGHT_CLICK,0,none
78113,BA_RIGHT_CLICK,0,none
78144,BA_RIGHT_CLICK,0,none
78180,BA_RIGHT_CLICK,0,none
78210,BA_RIGHT_CLICK,0,none
78247,BA_RIGHT_CLICK,0,none
78277,BA_RIGHT_CLICK,0,none
78314,BA_RIGHT_CLICK,0,none
78344,BA_RIGHT_CLICK,0,none
78380,BA_RIGHT_CLICK,0,none
78408,BA_RIGHT_CLICK,0,none
78444,BA_RIGHT_CLICK,0,none
78473,BA_RIGHT_CLICK,0,none
78509,BA_RIGHT_CLICK,0,none
78543,BA_RIGHT_CLICK,0,none
78577,BA_RIGHT_CLICK,0,none
78608,BA_RIGHT_CLICK,0,none
78645,BA_RIGHT_CLICK,0,none
78676,BA_RIGHT_CLICK,0,none
78711,BA_RIGHT_CLICK,0,none
78744,BA_RIGHT_CLICK,0,none
78779,BA_RIGHT_CLICK,0,none
78810,BA_RIGHT_CLICK,0,none
78847,BA_RIGHT_CLICK,0,none
78876,BA_RIGHT_CLICK,0,none
78913,BA_RIGHT_CLICK,0,none
78943,BA_RIGHT_CLICK,0,none
78980,BA_RIGHT_CLICK,0,none
79009,BA_RIGHT_CLICK,0,none
79047,BA_RIGHT_CLICK,0,none
79076,BA_RIGHT_CLICK,0,none
79114,BA_RIGHT_CLICK,0,none
79144,BA_RIGHT_CLICK,0,none
79180,BA_RIGHT_CLICK,0,none
79209,BA_RIGHT_CLICK,0,none
79246,BA_RIGHT_CLICK,0,none
79280,BA_RIGHT_CLICK,0,none
79314,BA_RIGHT_CLICK,0,none
79344,BA_RIGHT_CLICK,0,right_press
79381,BA_RIGHT_CLICK,0,right_press
79411,BA_RIGHT_CLICK,0,right_press
79447,BA_RIGHT_CLICK,0,right_press
79477,BA_RIGHT_CLICK,0,right_press
79513,BA_RIGHT_CLICK,0,right_press
79543,BA_RIGHT_CLICK,0,right_press
79580,BA_RIGHT_CLICK,0,right_press
79610,BA_RIGHT_CLICK,0,right_press
79647,BA_RIGHT_CLICK,0,right_press
79677,BA_RIGHT_CLICK,0,right_press
79714,BA_RIGHT_CLICK,0,right_release
79744,BA_RIGHT_CLICK,0,right_release
79780,BA_RIGHT_CLICK,0,right_release
79809,BA_RIGHT_CLICK,0,right_release
79848,BA_RIGHT_CLICK,0,right_release
79877,BA_RIGHT_CLICK,0,right_release
79914,BA_RIGHT_CLICK,0,right_release
79943,BA_RIGHT_CLICK,0,right_release
79980,BA_RIGHT_CLICK,0,right_release
80010,BA_RIGHT_CLICK,0,right_release
80047,BA_RIGHT_CLICK,0,right_release
80076,BA_RIGHT_CLICK,0,right_release
80114,BA_RIGHT_CLICK,0,right_release
80144,BA_RIGHT_CLICK,0,right_release
80176,BA_RIGHT_CLICK,0,right_release
80214,BA_RIGHT_CLICK,0,right_release
80243,BA_RIGHT_CLICK,0,right_release
80280,BA_RIGHT_CLICK,0,right_release
80310,BA_RIGHT_CLICK,0,none
80347,BA_RIGHT_CLICK,0,none
80377,BA_RIGHT_CLICK,0,none
80414,BA_RIGHT_CLICK,0,none
81080,BA_RIGHT_CLICK,1,none
81111,BA_RIGHT_CLICK,1,none
81144,BA_RIGHT_CLICK,1,none
81179,BA_RIGHT_CLICK,1,none
81211,BA_RIGHT_CLICK,1,none
81247,BA_RIGHT_CLICK,1,none
81276,BA_RIGHT_CLICK,1,none
81309,BA_RIGHT_CLICK,1,none
81347,BA_RIGHT_CLICK,1,none
81377,BA_RIGHT_CLICK,1,none
81414,BA_RIGHT_CLICK,1,none
81443,BA_RIGHT_CLICK,1,none
81480,BA_RIGHT_CLICK,1,none
81510,BA_RIGHT_CLICK,1,none
81547,BA_RIGHT_CLICK,1,none
81577,BA_RIGHT_CLICK,1,none
81614,BA_RIGHT_CLICK,1,none
81643,BA_RIGHT_CLICK,1,none
81680,BA_RIGHT_CLICK,1,none
81709,BA_RIGHT_CLICK,1,none
81747,BA_RIGHT_CLICK,1,none
81777,BA_RIGHT_CLICK,1,none
81814,BA_RIGHT_CLICK,1,none
81843,BA_RIGHT_CLICK,1,none
81881,BA_RIGHT_CLICK,1,none
81910,BA_RIGHT_CLICK,1,none
81947,BA_RIGHT_CLICK,1,none
81977,BA_RIGHT_CLICK,1,none
82014,BA_RIGHT_CLICK,1,none
82043,BA_RIGHT_CLICK,1,none
82080,BA_RIGHT_CLICK,1,none
82110,BA_RIGHT_CLICK,1,none
82147,BA_RIGHT_CLICK,1,none
82177,BA_RIGHT_CLICK,1,none
82209,BA_RIGHT_CLICK,1,none
82244,BA_RIGHT_CLICK,1,none
82276,BA_RIGHT_CLICK,1,none
82306,BA_RIGHT_CLICK,1,none
82344,BA_RIGHT_CLICK,1,none
82376,BA_RIGHT_CLICK,1,none
82411,BA_RIGHT_CLICK,1,none
82444,BA_RIGHT_CLICK,1,right_press
82474,BA_RIGHT_CLICK,1,right_press
82511,BA_RIGHT_CLICK,1,right_press
82544,BA_RIGHT_CLICK,1,right_press
82578,BA_RIGHT_CLICK,1,right_press
82613,BA_RIGHT_CLICK,1,right_press
82642,BA_RIGHT_CLICK,1,right_press
82676,BA_RIGHT_CLICK,1,right_press
82713,BA_RIGHT_CLICK,1,right_release
82744,BA_RIGHT_CLICK,1,right_release
82781,BA_RIGHT_CLICK,1,right_release
82811,BA_RIGHT_CLICK,1,right_release
82847,BA_RIGHT_CLICK,1,right_release
82876,BA_RIGHT_CLICK,1,right_release
82914,BA_RIGHT_CLICK,1,right_release
82944,BA_RIGHT_CLICK,1,right_release
82980,BA_RIGHT_CLICK,1,right_release
83011,BA_RIGHT_CLICK,1,right_release
83048,BA_RIGHT_CLICK,1,right_release
83077,BA_RIGHT_CLICK,1,none
83114,BA_RIGHT_CLICK,1,none
83143,BA_RIGHT_CLICK,1,none
83181,BA_RIGHT_CLICK,1,none
83213,BA_RIGHT_CLICK,1,none
83247,BA_RIGHT_CLICK,1,none
83280,BA_RIGHT_CLICK,1,none
83313,BA_RIGHT_CLICK,1,none
83347,BA_RIGHT_CLICK,1,none
84480,BA_RIGHT_CLICK,2,none
84510,BA_RIGHT_CLICK,2,none
84548,BA_RIGHT_CLICK,2,none
84577,BA_RIGHT_CLICK,2,none
84613,BA_RIGHT_CLICK,2,none
84644,BA_RIGHT_CLICK,2,none
84681,BA_RIGHT_CLICK,2,none
84710,BA_RIGHT_CLICK,2,none
84748,BA_RIGHT_CLICK,2,none
84778,BA_RIGHT_CLICK,2,none
84814,BA_RIGHT_CLICK,2,none
84844,BA_RIGHT_CLICK,2,none
84880,BA_RIGHT_CLICK,2,none
84910,BA_RIGHT_CLICK,2,none
84948,BA_RIGHT_CLICK,2,none
84977,BA_RIGHT_CLICK,2,none
85014,BA_RIGHT_CLICK,2,none
85044,BA_RIGHT_CLICK,2,none
85081,BA_RIGHT_CLICK,2,none
85110,BA_RIGHT_CLICK,2,none
85147,BA_RIGHT_CLICK,2,none
85177,BA_RIGHT_CLICK,2,none
85214,BA_RIGHT_CLICK,2,none
85243,BA_RIGHT_CLICK,2,none
85281,BA_RIGHT_CLICK,2,none
85311,BA_RIGHT_CLICK,2,none
85348,BA_RIGHT_CLICK,2,none
85377,BA_RIGHT_CLICK,2,none
85414,BA_RIGHT_CLICK,2,none
85444,BA_RIGHT_CLICK,2,none
85482,BA_RIGHT_CLICK,2,none
85510,BA_RIGHT_CLICK,2,none
85548,BA_RIGHT_CLICK,2,none
85577,BA_RIGHT_CLICK,2,none
85614,BA_RIGHT_CLICK,2,none
85643,BA_RIGHT_CLICK,2,none
85681,BA_RIGHT_CLICK,2,none
85710,BA_RIGHT_CLICK,2,none
85748,BA_RIGHT_CLICK,2,none
85777,BA_RIGHT_CLICK,2,none
85814,BA_RIGHT_CLICK,2,none
85844,BA_RIGHT_CLICK,2,none
85880,BA_RIGHT_CLICK,2,right_press
85911,BA_RIGHT_CLICK,2,right_press
85948,BA_RIGHT_CLICK,2,right_press
85977,BA_RIGHT_CLICK,2,right_press
86015,BA_RIGHT_CLICK,2,right_press
86044,BA_RIGHT_CLICK,2,right_press
86081,BA_RIGHT_CLICK,2,right_press
86110,BA_RIGHT_CLICK,2,right_press
86147,BA_RIGHT_CLICK,2,right_press
86176,BA_RIGHT_CLICK,2,right_press
86213,BA_RIGHT_CLICK,2,right_release
86243,BA_RIGHT_CLICK,2,right_release
86278,BA_RIGHT_CLICK,2,right_release
86307,BA_RIGHT_CLICK,2,right_release
86344,BA_RIGHT_CLICK,2,right_release
86377,BA_RIGHT_CLICK,2,right_release
86411,BA_RIGHT_CLICK,2,right_release
86444,BA_RIGHT_CLICK,2,right_release
86475,BA_RIGHT_CLICK,2,right_release
86511,BA_RIGHT_CLICK,2,right_release
86544,BA_RIGHT_CLICK,2,right_release
86577,BA_RIGHT_CLICK,2,right_release
86611,BA_RIGHT_CLICK,2,right_release
86645,BA_RIGHT_CLICK,2,none
86680,BA_RIGHT_CLICK,2,none
86711,BA_RIGHT_CLICK,2,none
86748,BA_RIGHT_CLICK,2,none
88381,BA_RIGHT_CLICK,3,none
88410,BA_RIGHT_CLICK,3,none
88447,BA_RIGHT_CLICK,3,none
88478,BA_RIGHT_CLICK,3,none
88515,BA_RIGHT_CLICK,3,none
88544,BA_RIGHT_CLICK,3,none
88582,BA_RIGHT_CLICK,3,none
88611,BA_RIGHT_CLICK,3,none
88647,BA_RIGHT_CLICK,3,none
88677,BA_RIGHT_CLICK,3,none
88715,BA_RIGHT_CLICK,3,none
88744,BA_RIGHT_CLICK,3,none
88782,BA_RIGHT_CLICK,3,none
88811,BA_RIGHT_CLICK,3,none
88848,BA_RIGHT_CLICK,3,none
88877,BA_RIGHT_CLICK,3,none
88915,BA_RIGHT_CLICK,3,none
88944,BA_RIGHT_CLICK,3,none
88982,BA_RIGHT_CLICK,3,none
89011,BA_RIGHT_CLICK,3,none
89048,BA_RIGHT_CLICK,3,none
89077,BA_RIGHT_CLICK,3,none
89115,BA_RIGHT_CLICK,3,none
89145,BA_RIGHT_CLICK,3,none
89180,BA_RIGHT_CLICK,3,none
89211,BA_RIGHT_CLICK,3,none
89248,BA_RIGHT_CLICK,3,none
89277,BA_RIGHT_CLICK,3,none
89315,BA_RIGHT_CLICK,3,none
89344,BA_RIGHT_CLICK,3,none
89382,BA_RIGHT_CLICK,3,none
89411,BA_RIGHT_CLICK,3,none
89449,BA_RIGHT_CLICK,3,none
89478,BA_RIGHT_CLICK,3,none
89515,BA_RIGHT_CLICK,3,none
89544,BA_RIGHT_CLICK,3,right_press
89581,BA_RIGHT_CLICK,3,right_press
89610,BA_RIGHT_CLICK,3,right_press
89648,BA_RIGHT_CLICK,3,right_press
89678,BA_RIGHT_CLICK,3,right_press
89716,BA_RIGHT_CLICK,3,right_press
89744,BA_RIGHT_CLICK,3,right_press
89782,BA_RIGHT_CLICK,3,right_press
89811,BA_RIGHT_CLICK,3,right_press
89848,BA_RIGHT_CLICK,3,right_press
89877,BA_RIGHT_CLICK,3,right_press
89912,BA_RIGHT_CLICK,3,right_release
89945,BA_RIGHT_CLICK,3,right_release
89981,BA_RIGHT_CLICK,3,right_release
90011,BA_RIGHT_CLICK,3,right_release
90048,BA_RIGHT_CLICK,3,right_release
90077,BA_RIGHT_CLICK,3,right_release
90115,BA_RIGHT_CLICK,3,right_release
90144,BA_RIGHT_CLICK,3,right_release
90181,BA_RIGHT_CLICK,3,right_release
90211,BA_RIGHT_CLICK,3,right_release
90245,BA_RIGHT_CLICK,3,right_release
90277,BA_RIGHT_CLICK,3,right_release
90310,BA_RIGHT_CLICK,3,none
90342,BA_RIGHT_CLICK,3,none
90378,BA_RIGHT_CLICK,3,none
90411,BA_RIGHT_CLICK,3,none
90446,BA_RIGHT_CLICK,3,none
90479,BA_RIGHT_CLICK,3,none
90513,BA_RIGHT_CLICK,3,none
91844,BA_RIGHT_CLICK,4,none
91878,BA_RIGHT_CLICK,4,none
91915,BA_RIGHT_CLICK,4,none
91944,BA_RIGHT_CLICK,4,none
91982,BA_RIGHT_CLICK,4,none
92011,BA_RIGHT_CLICK,4,none
92048,BA_RIGHT_CLICK,4,none
92079,BA_RIGHT_CLICK,4,none
92115,BA_RIGHT_CLICK,4,none
92145,BA_RIGHT_CLICK,4,none
92183,BA_RIGHT_CLICK,4,none
92211,BA_RIGHT_CLICK,4,none
92249,BA_RIGHT_CLICK,4,none
92278,BA_RIGHT_CLICK,4,none
92315,BA_RIGHT_CLICK,4,none
92345,BA_RIGHT_CLICK,4,none
92383,BA_RIGHT_CLICK,4,none
92412,BA_RIGHT_CLICK,4,none
92446,BA_RIGHT_CLICK,4,none
92483,BA_RIGHT_CLICK,4,none
92512,BA_RIGHT_CLICK,4,none
92550,BA_RIGHT_CLICK,4,none
92578,BA_RIGHT_CLICK,4,none
92616,BA_RIGHT_CLICK,4,none
92645,BA_RIGHT_CLICK,4,none
92682,BA_RIGHT_CLICK,4,none
92711,BA_RIGHT_CLICK,4,none
92750,BA_RIGHT_CLICK,4,none
92778,BA_RIGHT_CLICK,4,none
92816,BA_RIGHT_CLICK,4,none
92845,BA_RIGHT_CLICK,4,none
92883,BA_RIGHT_CLICK,4,none
92912,BA_RIGHT_CLICK,4,none
92949,BA_RIGHT_CLICK,4,none
92978,BA_RIGHT_CLICK,4,none
93017,BA_RIGHT_CLICK,4,none
93045,BA_RIGHT_CLICK,4,none
93083,BA_RIGHT_CLICK,4,none
93112,BA_RIGHT_CLICK,4,none
93148,BA_RIGHT_CLICK,4,none
93178,BA_RIGHT_CLICK,4,none
93216,BA_RIGHT_CLICK,4,none
93245,BA_RIGHT_CLICK,4,none
93283,BA_RIGHT_CLICK,4,none
93312,BA_RIGHT_CLICK,4,none
93349,BA_RIGHT_CLICK,4,none
93378,BA_RIGHT_CLICK,4,right_press
93416,BA_RIGHT_CLICK,4,right_press
93444,BA_RIGHT_CLICK,4,right_press
93482,BA_RIGHT_CLICK,4,right_press
93512,BA_RIGHT_CLICK,4,right_press
93549,BA_RIGHT_CLICK,4,right_press
93578,BA_RIGHT_CLICK,4,right_press
93616,BA_RIGHT_CLICK,4,right_press
93645,BA_RIGHT_CLICK,4,right_release
93683,BA_RIGHT_CLICK,4,right_release
93712,BA_RIGHT_CLICK,4,right_release
93749,BA_RIGHT_CLICK,4,right_release
93778,BA_RIGHT_CLICK,4,right_release
93816,BA_RIGHT_CLICK,4,right_release
93845,BA_RIGHT_CLICK,4,right_release
93883,BA_RIGHT_CLICK,4,right_release
93912,BA_RIGHT_CLICK,4,right_release
93948,BA_RIGHT_CLICK,4,right_release
93978,BA_RIGHT_CLICK,4,right_release
94016,BA_RIGHT_CLICK,4,right_release
94045,BA_RIGHT_CLICK,4,none
94081,BA_RIGHT_CLICK,4,none
94112,BA_RIGHT_CLICK,4,none
94147,BA_RIGHT_CLICK,4,none
94179,BA_RIGHT_CLICK,4,none
97980,BA_SCROLL,0,none
98013,BA_SCROLL,0,none
98049,BA_SCROLL,0,none
98081,BA_SCROLL,0,none
98115,BA_SCROLL,0,none
98147,BA_SCROLL,0,none
98182,BA_SCROLL,0,none
98214,BA_SCROLL,0,none
98248,BA_SCROLL,0,none
98280,BA_SCROLL,0,none
98315,BA_SCROLL,0,none
98347,BA_SCROLL,0,none
98380,BA_SCROLL,0,none
98414,BA_SCROLL,0,none
98448,BA_SCROLL,0,none
98480,BA_SCROLL,0,none
98514,BA_SCROLL,0,none
98547,BA_SCROLL,0,none
98581,BA_SCROLL,0,none
98614,BA_SCROLL,0,none
98646,BA_SCROLL,0,none
98680,BA_SCROLL,0,none
98713,BA_SCROLL,0,none
98747,BA_SCROLL,0,none
98780,BA_SCROLL,0,none
98814,BA_SCROLL,0,none
98846,BA_SCROLL,0,scroll_down
98880,BA_SCROLL,0,scroll_down
98913,BA_SCROLL,0,scroll_down
98947,BA_SCROLL,0,scroll_down
98980,BA_SCROLL,0,scroll_down
99013,BA_SCROLL,0,scroll_down
99046,BA_SCROLL,0,scroll_down
99081,BA_SCROLL,0,scroll_down
99113,BA_SCROLL,0,scroll_down
99146,BA_SCROLL,0,scroll_down
99183,BA_SCROLL,0,scroll_down
99212,BA_SCROLL,0,scroll_down
99250,BA_SCROLL,0,scroll_down
99279,BA_SCROLL,0,scroll_down
99315,BA_SCROLL,0,scroll_down
99346,BA_SCROLL,0,scroll_up
99382,BA_SCROLL,0,scroll_up
99413,BA_SCROLL,0,scroll_up
99450,BA_SCROLL,0,scroll_up
99477,BA_SCROLL,0,scroll_up
99514,BA_SCROLL,0,scroll_up
99545,BA_SCROLL,0,scroll_up
99580,BA_SCROLL,0,scroll_up
99612,BA_SCROLL,0,scroll_up
99648,BA_SCROLL,0,scroll_up
99680,BA_SCROLL,0,scroll_up
99711,BA_SCROLL,0,scroll_up
99748,BA_SCROLL,0,scroll_up
99780,BA_SCROLL,0,scroll_down
99816,BA_SCROLL,0,scroll_down
99845,BA_SCROLL,0,scroll_down
99881,BA_SCROLL,0,scroll_down
99912,BA_SCROLL,0,scroll_down
99947,BA_SCROLL,0,scroll_down
99979,BA_SCROLL,0,scroll_down
100015,BA_SCROLL,0,scroll_down
100046,BA_SCROLL,0,scroll_down
100080,BA_SCROLL,0,scroll_down
100113,BA_SCROLL,0,scroll_down
100148,BA_SCROLL,0,scroll_down
100180,BA_SCROLL,0,scroll_down
100214,BA_SCROLL,0,scroll_down
100247,BA_SCROLL,0,scroll_down
100280,BA_SCROLL,0,scroll_down
100316,BA_SCROLL,0,scroll_up
100343,BA_SCROLL,0,scroll_up
100376,BA_SCROLL,0,scroll_up
100414,BA_SCROLL,0,scroll_up
100445,BA_SCROLL,0,scroll_up
100479,BA_SCROLL,0,scroll_up
100514,BA_SCROLL,0,scroll_up
100546,BA_SCROLL,0,scroll_up
100579,BA_SCROLL,0,scroll_up
100616,BA_SCROLL,0,scroll_up
100645,BA_SCROLL,0,scroll_up
100683,BA_SCROLL,0,scroll_up
100711,BA_SCROLL,0,scroll_up
100746,BA_SCROLL,0,scroll_up
100779,BA_SCROLL,0,scroll_down
100813,BA_SCROLL,0,scroll_down
100846,BA_SCROLL,0,scroll_down
100881,BA_SCROLL,0,scroll_down
100912,BA_SCROLL,0,scroll_down
100947,BA_SCROLL,0,scroll_down
100979,BA_SCROLL,0,scroll_down
101016,BA_SCROLL,0,scroll_down
101046,BA_SCROLL,0,scroll_down
101083,BA_SCROLL,0,scroll_down
101111,BA_SCROLL,0,scroll_down
101147,BA_SCROLL,0,scroll_down
101179,BA_SCROLL,0,scroll_down
101246,BA_SCROLL,0,scroll_up
101281,BA_SCROLL,0,scroll_up
101309,BA_SCROLL,0,scroll_up
101349,BA_SCROLL,0,scroll_up
101379,BA_SCROLL,0,scroll_up
101416,BA_SCROLL,0,scroll_up
101447,BA_SCROLL,0,scroll_up
101480,BA_SCROLL,0,scroll_up
101515,BA_SCROLL,0,scroll_up
101549,BA_SCROLL,0,scroll_up
101581,BA_SCROLL,0,scroll_up
101614,BA_SCROLL,0,scroll_up
101648,BA_SCROLL,0,scroll_down
101680,BA_SCROLL,0,scroll_down
101715,BA_SCROLL,0,scroll_down
101747,BA_SCROLL,0,scroll_down
101781,BA_SCROLL,0,scroll_down
101814,BA_SCROLL,0,scroll_down
101848,BA_SCROLL,0,scroll_down
101881,BA_SCROLL,0,scroll_down
101914,BA_SCROLL,0,scroll_down
101949,BA_SCROLL,0,scroll_down
101980,BA_SCROLL,0,scroll_down
102014,BA_SCROLL,0,scroll_down
102048,BA_SCROLL,0,scroll_down
102082,BA_SCROLL,0,scroll_down
102113,BA_SCROLL,0,scroll_up
102147,BA_SCROLL,0,scroll_up
102181,BA_SCROLL,0,scroll_up
102214,BA_SCROLL,0,scroll_up
102247,BA_SCROLL,0,scroll_up
102280,BA_SCROLL,0,scroll_up
102314,BA_SCROLL,0,scroll_up
102348,BA_SCROLL,0,scroll_up
102382,BA_SCROLL,0,scroll_up
102414,BA_SCROLL,0,scroll_up
102448,BA_SCROLL,0,scroll_up
102480,BA_SCROLL,0,scroll_up
102514,BA_SCROLL,0,scroll_down
102547,BA_SCROLL,0,scroll_down
102582,BA_SCROLL,0,scroll_down
102614,BA_SCROLL,0,scroll_down
102648,BA_SCROLL,0,scroll_down
102681,BA_SCROLL,0,scroll_down
102714,BA_SCROLL,0,scroll_down
102746,BA_SCROLL,0,scroll_down
102783,BA_SCROLL,0,scroll_down
102812,BA_SCROLL,0,scroll_down
102846,BA_SCROLL,0,scroll_down
102881,BA_SCROLL,0,scroll_down
102913,BA_SCROLL,0,scroll_down
102947,BA_SCROLL,0,scroll_down
102979,BA_SCROLL,0,scroll_down
103013,BA_SCROLL,0,scroll_down
103046,BA_SCROLL,0,scroll_down
103077,BA_SCROLL,0,scroll_up
103115,BA_SCROLL,0,scroll_up
103147,BA_SCROLL,0,scroll_up
103182,BA_SCROLL,0,scroll_up
103214,BA_SCROLL,0,scroll_up
103247,BA_SCROLL,0,scroll_up
103281,BA_SCROLL,0,scroll_up
103314,BA_SCROLL,0,scroll_up
103348,BA_SCROLL,0,scroll_up
103381,BA_SCROLL,0,scroll_up
103415,BA_SCROLL,0,scroll_up
103447,BA_SCROLL,0,scroll_up
103481,BA_SCROLL,0,scroll_up
103514,BA_SCROLL,0,scroll_up
103548,BA_SCROLL,0,scroll_up
103581,BA_SCROLL,0,scroll_up
103613,BA_SCROLL,0,scroll_down
103649,BA_SCROLL,0,scroll_down
103681,BA_SCROLL,0,scroll_down
103714,BA_SCROLL,0,scroll_down
103747,BA_SCROLL,0,scroll_down
103782,BA_SCROLL,0,scroll_down
103814,BA_SCROLL,0,scroll_down
103848,BA_SCROLL,0,scroll_down
103881,BA_SCROLL,0,scroll_down
103914,BA_SCROLL,0,scroll_down
103949,BA_SCROLL,0,scroll_down
103980,BA_SCROLL,0,scroll_down
104014,BA_SCROLL,0,scroll_down
104049,BA_SCROLL,0,scroll_down
104081,BA_SCROLL,0,scroll_down
104115,BA_SCROLL,0,scroll_down
104148,BA_SCROLL,0,scroll_down
104181,BA_SCROLL,0,scroll_down
104215,BA_SCROLL,0,scroll_down
104248,BA_SCROLL,0,none
104279,BA_SCROLL,0,none
104312,BA_SCROLL,0,none
104347,BA_SCROLL,0,none
104379,BA_SCROLL,0,none
104413,BA_SCROLL,0,none
104446,BA_SCROLL,0,none
104480,BA_SCROLL,0,none
105580,BA_SCROLL,1,none
105615,BA_SCROLL,1,none
105648,BA_SCROLL,1,none
105682,BA_SCROLL,1,none
105715,BA_SCROLL,1,none
105748,BA_SCROLL,1,none
105781,BA_SCROLL,1,none
105815,BA_SCROLL,1,none
105848,BA_SCROLL,1,none
105882,BA_SCROLL,1,none
105915,BA_SCROLL,1,none
105949,BA_SCROLL,1,none
105983,BA_SCROLL,1,none
106015,BA_SCROLL,1,none
106049,BA_SCROLL,1,none
106082,BA_SCROLL,1,none
106115,BA_SCROLL,1,none
106147,BA_SCROLL,1,scroll_up
106181,BA_SCROLL,1,scroll_up
106214,BA_SCROLL,1,scroll_up
106248,BA_SCROLL,1,scroll_up
106280,BA_SCROLL,1,scroll_up
106310,BA_SCROLL,1,scroll_up
106348,BA_SCROLL,1,scroll_up
106380,BA_SCROLL,1,scroll_up
106413,BA_SCROLL,1,scroll_up
106447,BA_SCROLL,1,scroll_up
106481,BA_SCROLL,1,scroll_up
106514,BA_SCROLL,1,scroll_up
106549,BA_SCROLL,1,scroll_up
106582,BA_SCROLL,1,scroll_up
106648,BA_SCROLL,1,scroll_down
106682,BA_SCROLL,1,scroll_down
106716,BA_SCROLL,1,scroll_down
106748,BA_SCROLL,1,scroll_down
106781,BA_SCROLL,1,scroll_down
106815,BA_SCROLL,1,scroll_down
106848,BA_SCROLL,1,scroll_down
106882,BA_SCROLL,1,scroll_down
106914,BA_SCROLL,1,scroll_down
106948,BA_SCROLL,1,scroll_down
106981,BA_SCROLL,1,scroll_down
107014,BA_SCROLL,1,scroll_down
107049,BA_SCROLL,1,scroll_down
107081,BA_SCROLL,1,scroll_down
107116,BA_SCROLL,1,scroll_up
107149,BA_SCROLL,1,scroll_up
107182,BA_SCROLL,1,scroll_up
107215,BA_SCROLL,1,scroll_up
107249,BA_SCROLL,1,scroll_up
107282,BA_SCROLL,1,scroll_up
107315,BA_SCROLL,1,scroll_up
107348,BA_SCROLL,1,scroll_up
107382,BA_SCROLL,1,scroll_up
107415,BA_SCROLL,1,scroll_up
107448,BA_SCROLL,1,scroll_up
107482,BA_SCROLL,1,scroll_up
107515,BA_SCROLL,1,scroll_up
107549,BA_SCROLL,1,scroll_up
107582,BA_SCROLL,1,scroll_down
107615,BA_SCROLL,1,scroll_down
107649,BA_SCROLL,1,scroll_down
107681,BA_SCROLL,1,scroll_down
107715,BA_SCROLL,1,scroll_down
107748,BA_SCROLL,1,scroll_down
107782,BA_SCROLL,1,scroll_down
107815,BA_SCROLL,1,scroll_down
107847,BA_SCROLL,1,scroll_down
107882,BA_SCROLL,1,scroll_down
107915,BA_SCROLL,1,scroll_down
107948,BA_SCROLL,1,scroll_down
107982,BA_SCROLL,1,scroll_down
108015,BA_SCROLL,1,scroll_up
108048,BA_SCROLL,1,scroll_up
108081,BA_SCROLL,1,scroll_up
108115,BA_SCROLL,1,scroll_up
108149,BA_SCROLL,1,scroll_up
108182,BA_SCROLL,1,scroll_up
108215,BA_SCROLL,1,scroll_up
108249,BA_SCROLL,1,scroll_up
108281,BA_SCROLL,1,scroll_up
108315,BA_SCROLL,1,scroll_up
108348,BA_SCROLL,1,scroll_up
108382,BA_SCROLL,1,scroll_up
108415,BA_SCROLL,1,scroll_down
108449,BA_SCROLL,1,scroll_down
108482,BA_SCROLL,1,scroll_down
108515,BA_SCROLL,1,scroll_down
108548,BA_SCROLL,1,scroll_down
108582,BA_SCROLL,1,scroll_down
108615,BA_SCROLL,1,scroll_down
108648,BA_SCROLL,1,scroll_down
108682,BA_SCROLL,1,scroll_down
108717,BA_SCROLL,1,scroll_down
108749,BA_SCROLL,1,scroll_down
108781,BA_SCROLL,1,scroll_down
108815,BA_SCROLL,1,scroll_down
108848,BA_SCROLL,1,scroll_down
108882,BA_SCROLL,1,scroll_down
108916,BA_SCROLL,1,scroll_up
108948,BA_SCROLL,1,scroll_up
108981,BA_SCROLL,1,scroll_up
109016,BA_SCROLL,1,scroll_up
109048,BA_SCROLL,1,scroll_up
109082,BA_SCROLL,1,scroll_up
109116,BA_SCROLL,1,scroll_up
109148,BA_SCROLL,1,scroll_up
109182,BA_SCROLL,1,scroll_up
109215,BA_SCROLL,1,scroll_up
109248,BA_SCROLL,1,scroll_up
109281,BA_SCROLL,1,scroll_up
109313,BA_SCROLL,1,scroll_up
109348,BA_SCROLL,1,scroll_up
109381,BA_SCROLL,1,scroll_up
109413,BA_SCROLL,1,scroll_down
109449,BA_SCROLL,1,scroll_down
109482,BA_SCROLL,1,scroll_down
109515,BA_SCROLL,1,scroll_down
109549,BA_SCROLL,1,scroll_down
109582,BA_SCROLL,1,scroll_down
109615,BA_SCROLL,1,scroll_down
109648,BA_SCROLL,1,scroll_down
109682,BA_SCROLL,1,scroll_down
109715,BA_SCROLL,1,scroll_down
109749,BA_SCROLL,1,scroll_down
109782,BA_SCROLL,1,scroll_down
109816,BA_SCROLL,1,scroll_down
109848,BA_SCROLL,1,scroll_down
109883,BA_SCROLL,1,scroll_down
109915,BA_SCROLL,1,scroll_down
109948,BA_SCROLL,1,scroll_up
109980,BA_SCROLL,1,scroll_up
110014,BA_SCROLL,1,scroll_up
110047,BA_SCROLL,1,scroll_up
110081,BA_SCROLL,1,scroll_up
110114,BA_SCROLL,1,scroll_up
110148,BA_SCROLL,1,scroll_up
110182,BA_SCROLL,1,scroll_up
110215,BA_SCROLL,1,scroll_up
110248,BA_SCROLL,1,scroll_up
110282,BA_SCROLL,1,scroll_up
110316,BA_SCROLL,1,scroll_up
110349,BA_SCROLL,1,scroll_up
110382,BA_SCROLL,1,scroll_up
110416,BA_SCROLL,1,scroll_up
110449,BA_SCROLL,1,scroll_down
110483,BA_SCROLL,1,scroll_down
110515,BA_SCROLL,1,scroll_down
110549,BA_SCROLL,1,scroll_down
110583,BA_SCROLL,1,scroll_down
110616,BA_SCROLL,1,scroll_down
110649,BA_SCROLL,1,scroll_down
110682,BA_SCROLL,1,scroll_down
110716,BA_SCROLL,1,scroll_down
110749,BA_SCROLL,1,scroll_down
110783,BA_SCROLL,1,scroll_down
110816,BA_SCROLL,1,scroll_down
110847,BA_SCROLL,1,scroll_down
110883,BA_SCROLL,1,scroll_down
110916,BA_SCROLL,1,scroll_down
110948,BA_SCROLL,1,scroll_down
110983,BA_SCROLL,1,none
111016,BA_SCROLL,1,none
111050,BA_SCROLL,1,none
111081,BA_SCROLL,1,none
111115,BA_SCROLL,1,none
111147,BA_SCROLL,1,none
111181,BA_SCROLL,1,none
111214,BA_SCROLL,1,none
111248,BA_SCROLL,1,none
111282,BA_SCROLL,1,none
111310,BA_SCROLL,1,none
111348,BA_SCROLL,1,none
111382,BA_SCROLL,1,none
111415,BA_SCROLL,1,none
111450,BA_SCROLL,1,none
112781,BA_SCROLL,2,none
112816,BA_SCROLL,2,none
112849,BA_SCROLL,2,none
112881,BA_SCROLL,2,none
112915,BA_SCROLL,2,none
112948,BA_SCROLL,2,none
112981,BA_SCROLL,2,none
113015,BA_SCROLL,2,none
113047,BA_SCROLL,2,none
113082,BA_SCROLL,2,none
113117,BA_SCROLL,2,none
113148,BA_SCROLL,2,none
113183,BA_SCROLL,2,scroll_up
113216,BA_SCROLL,2,scroll_up
113248,BA_SCROLL,2,scroll_up
113282,BA_SCROLL,2,scroll_up
113315,BA_SCROLL,2,scroll_up
113348,BA_SCROLL,2,scroll_up
113382,BA_SCROLL,2,scroll_up
113415,BA_SCROLL,2,scroll_up
113448,BA_SCROLL,2,scroll_up
113483,BA_SCROLL,2,scroll_up
113515,BA_SCROLL,2,scroll_up
113549,BA_SCROLL,2,scroll_up
113581,BA_SCROLL,2,scroll_up
113615,BA_SCROLL,2,scroll_up
113648,BA_SCROLL,2,scroll_up
113682,BA_SCROLL,2,scroll_down
113715,BA_SCROLL,2,scroll_down
113749,BA_SCROLL,2,scroll_down
113782,BA_SCROLL,2,scroll_down
113816,BA_SCROLL,2,scroll_down
113849,BA_SCROLL,2,scroll_down
113883,BA_SCROLL,2,scroll_down
113915,BA_SCROLL,2,scroll_down
113950,BA_SCROLL,2,scroll_down
113982,BA_SCROLL,2,scroll_down
114016,BA_SCROLL,2,scroll_down
114049,BA_SCROLL,2,scroll_down
114083,BA_SCROLL,2,scroll_down
114116,BA_SCROLL,2,scroll_down
114149,BA_SCROLL,2,scroll_up
114183,BA_SCROLL,2,scroll_up
114215,BA_SCROLL,2,scroll_up
114249,BA_SCROLL,2,scroll_up
114284,BA_SCROLL,2,scroll_up
114316,BA_SCROLL,2,scroll_up
114349,BA_SCROLL,2,scroll_up
114381,BA_SCROLL,2,scroll_up
114415,BA_SCROLL,2,scroll_up
114448,BA_SCROLL,2,scroll_up
114482,BA_SCROLL,2,scroll_up
114515,BA_SCROLL,2,scroll_up
114549,BA_SCROLL,2,scroll_up
114583,BA_SCROLL,2,scroll_up
114616,BA_SCROLL,2,scroll_down
114650,BA_SCROLL,2,scroll_down
114682,BA_SCROLL,2,scroll_down
114716,BA_SCROLL,2,scroll_down
114747,BA_SCROLL,2,scroll_down
114782,BA_SCROLL,2,scroll_down
114816,BA_SCROLL,2,scroll_down
114848,BA_SCROLL,2,scroll_down
114883,BA_SCROLL,2,scroll_down
114915,BA_SCROLL,2,scroll_down
114950,BA_SCROLL,2,scroll_down
114983,BA_SCROLL,2,scroll_down
115016,BA_SCROLL,2,scroll_up
115048,BA_SCROLL,2,scroll_up
115082,BA_SCROLL,2,scroll_up
115115,BA_SCROLL,2,scroll_up
115148,BA_SCROLL,2,scroll_up
115182,BA_SCROLL,2,scroll_up
115216,BA_SCROLL,2,scroll_up
115250,BA_SCROLL,2,scroll_up
115282,BA_SCROLL,2,scroll_up
115314,BA_SCROLL,2,scroll_up
115350,BA_SCROLL,2,scroll_up
115381,BA_SCROLL,2,scroll_up
115417,BA_SCROLL,2,scroll_up
115449,BA_SCROLL,2,scroll_up
115484,BA_SCROLL,2,scroll_up
115517,BA_SCROLL,2,scroll_up
115550,BA_SCROLL,2,scroll_down
115582,BA_SCROLL,2,scroll_down
115616,BA_SCROLL,2,scroll_down
115648,BA_SCROLL,2,scroll_down
115682,BA_SCROLL,2,scroll_down
115715,BA_SCROLL,2,scroll_down
115749,BA_SCROLL,2,scroll_down
115783,BA_SCROLL,2,scroll_down
115817,BA_SCROLL,2,scroll_down
115845,BA_SCROLL,2,scroll_down
115883,BA_SCROLL,2,scroll_down
115916,BA_SCROLL,2,scroll_down
115948,BA_SCROLL,2,scroll_down
115982,BA_SCROLL,2,scroll_up
116015,BA_SCROLL,2,scroll_up
116050,BA_SCROLL,2,scroll_up
116083,BA_SCROLL,2,scroll_up
116115,BA_SCROLL,2,scroll_up
116150,BA_SCROLL,2,scroll_up
116183,BA_SCROLL,2,scroll_up
116215,BA_SCROLL,2,scroll_up
116249,BA_SCROLL,2,scroll_up
116282,BA_SCROLL,2,scroll_up
116311,BA_SCROLL,2,scroll_up
116349,BA_SCROLL,2,scroll_up
116382,BA_SCROLL,2,scroll_up
116417,BA_SCROLL,2,scroll_up
116450,BA_SCROLL,2,scroll_down
116483,BA_SCROLL,2,scroll_down
116515,BA_SCROLL,2,scroll_down
116548,BA_SCROLL,2,scroll_down
116582,BA_SCROLL,2,scroll_down
116615,BA_SCROLL,2,scroll_down
116650,BA_SCROLL,2,scroll_down
116683,BA_SCROLL,2,scroll_down
116716,BA_SCROLL,2,scroll_down
116749,BA_SCROLL,2,scroll_down
116782,BA_SCROLL,2,scroll_down
116815,BA_SCROLL,2,scroll_down
116848,BA_SCROLL,2,scroll_down
116882,BA_SCROLL,2,scroll_down
116917,BA_SCROLL,2,scroll_up
116949,BA_SCROLL,2,scroll_up
116983,BA_SCROLL,2,scroll_up
117016,BA_SCROLL,2,scroll_up
117048,BA_SCROLL,2,scroll_up
117082,BA_SCROLL,2,scroll_up
117115,BA_SCROLL,2,scroll_up
117148,BA_SCROLL,2,scroll_up
117183,BA_SCROLL,2,scroll_up
117216,BA_SCROLL,2,scroll_up
117250,BA_SCROLL,2,scroll_up
117283,BA_SCROLL,2,scroll_up
117316,BA_SCROLL,2,scroll_up
117350,BA_SCROLL,2,scroll_up
117382,BA_SCROLL,2,scroll_up
117415,BA_SCROLL,2,scroll_up
117449,BA_SCROLL,2,scroll_up
117482,BA_SCROLL,2,scroll_down
117516,BA_SCROLL,2,scroll_down
117549,BA_SCROLL,2,scroll_down
117582,BA_SCROLL,2,scroll_down
117616,BA_SCROLL,2,scroll_down
117650,BA_SCROLL,2,scroll_down
117682,BA_SCROLL,2,scroll_down
117716,BA_SCROLL,2,scroll_down
117749,BA_SCROLL,2,scroll_down
117782,BA_SCROLL,2,scroll_down
117817,BA_SCROLL,2,scroll_down
117849,BA_SCROLL,2,scroll_down
117882,BA_SCROLL,2,scroll_down
117915,BA_SCROLL,2,scroll_down
117949,BA_SCROLL,2,scroll_down
117982,BA_SCROLL,2,scroll_down
118017,BA_SCROLL,2,scroll_down
118049,BA_SCROLL,2,scroll_down
118083,BA_SCROLL,2,scroll_down
118117,BA_SCROLL,2,none
118150,BA_SCROLL,2,none
118181,BA_SCROLL,2,none
118216,BA_SCROLL,2,none
118249,BA_SCROLL,2,none
118283,BA_SCROLL,2,none
118316,BA_SCROLL,2,none
118350,BA_SCROLL,2,none
118384,BA_SCROLL,2,none
118417,BA_SCROLL,2,none
118449,BA_SCROLL,2,none
118482,BA_SCROLL,2,none
118515,BA_SCROLL,2,none
123217,BA_SCROLL,3,none
123250,BA_SCROLL,3,none
123284,BA_SCROLL,3,none
123318,BA_SCROLL,3,none
123351,BA_SCROLL,3,none
123385,BA_SCROLL,3,none
123418,BA_SCROLL,3,none
123451,BA_SCROLL,3,none
123485,BA_SCROLL,3,none
123518,BA_SCROLL,3,none
123551,BA_SCROLL,3,none
123584,BA_SCROLL,3,none
123617,BA_SCROLL,3,none
123649,BA_SCROLL,3,none
123682,BA_SCROLL,3,none
123716,BA_SCROLL,3,none
123750,BA_SCROLL,3,none
123784,BA_SCROLL,3,scroll_up
123817,BA_SCROLL,3,scroll_up
123850,BA_SCROLL,3,scroll_up
123884,BA_SCROLL,3,scroll_up
123917,BA_SCROLL,3,scroll_up
123949,BA_SCROLL,3,scroll_up
123983,BA_SCROLL,3,scroll_up
124017,BA_SCROLL,3,scroll_up
124050,BA_SCROLL,3,scroll_up
124083,BA_SCROLL,3,scroll_up
124117,BA_SCROLL,3,scroll_up
124150,BA_SCROLL,3,scroll_up
124185,BA_SCROLL,3,scroll_up
124215,BA_SCROLL,3,scroll_down
124249,BA_SCROLL,3,scroll_down
124283,BA_SCROLL,3,scroll_down
124317,BA_SCROLL,3,scroll_down
124350,BA_SCROLL,3,scroll_down
124383,BA_SCROLL,3,scroll_down
124417,BA_SCROLL,3,scroll_down
124450,BA_SCROLL,3,scroll_down
124484,BA_SCROLL,3,scroll_down
124515,BA_SCROLL,3,scroll_down
124549,BA_SCROLL,3,scroll_down
124583,BA_SCROLL,3,scroll_down
124616,BA_SCROLL,3,scroll_down
124650,BA_SCROLL,3,scroll_down
124683,BA_SCROLL,3,scroll_down
124717,BA_SCROLL,3,scroll_up
124750,BA_SCROLL,3,scroll_up
124783,BA_SCROLL,3,scroll_up
124815,BA_SCROLL,3,scroll_up
124850,BA_SCROLL,3,scroll_up
124882,BA_SCROLL,3,scroll_up
124917,BA_SCROLL,3,scroll_up
124949,BA_SCROLL,3,scroll_up
124983,BA_SCROLL,3,scroll_up
125017,BA_SCROLL,3,scroll_up
125050,BA_SCROLL,3,scroll_up
125082,BA_SCROLL,3,scroll_up
125117,BA_SCROLL,3,scroll_up
125148,BA_SCROLL,3,scroll_down
125182,BA_SCROLL,3,scroll_down
125217,BA_SCROLL,3,scroll_down
125250,BA_SCROLL,3,scroll_down
125282,BA_SCROLL,3,scroll_down
125317,BA_SCROLL,3,scroll_down
125349,BA_SCROLL,3,scroll_down
125384,BA_SCROLL,3,scroll_down
125418,BA_SCROLL,3,scroll_down
125448,BA_SCROLL,3,scroll_down
125482,BA_SCROLL,3,scroll_down
125515,BA_SCROLL,3,scroll_down
125550,BA_SCROLL,3,scroll_down
125582,BA_SCROLL,3,scroll_up
125615,BA_SCROLL,3,scroll_up
125651,BA_SCROLL,3,scroll_up
125682,BA_SCROLL,3,scroll_up
125714,BA_SCROLL,3,scroll_up
125747,BA_SCROLL,3,scroll_up
125785,BA_SCROLL,3,scroll_up
125815,BA_SCROLL,3,scroll_up
125850,BA_SCROLL,3,scroll_up
125884,BA_SCROLL,3,scroll_up
125915,BA_SCROLL,3,scroll_up
125948,BA_SCROLL,3,scroll_up
125983,BA_SCROLL,3,scroll_up
126017,BA_SCROLL,3,scroll_down
126049,BA_SCROLL,3,scroll_down
126084,BA_SCROLL,3,scroll_down
126117,BA_SCROLL,3,scroll_down
126150,BA_SCROLL,3,scroll_down
126184,BA_SCROLL,3,scroll_down
126217,BA_SCROLL,3,scroll_down
126248,BA_SCROLL,3,scroll_down
126281,BA_SCROLL,3,scroll_down
126312,BA_SCROLL,3,scroll_down
126350,BA_SCROLL,3,scroll_down
126382,BA_SCROLL,3,scroll_down
126415,BA_SCROLL,3,scroll_up
126450,BA_SCROLL,3,scroll_up
126483,BA_SCROLL,3,scroll_up
126517,BA_SCROLL,3,scroll_up
126550,BA_SCROLL,3,scroll_up
126584,BA_SCROLL,3,scroll_up
126618,BA_SCROLL,3,scroll_up
126648,BA_SCROLL,3,scroll_up
126682,BA_SCROLL,3,scroll_up
126717,BA_SCROLL,3,scroll_up
126748,BA_SCROLL,3,scroll_up
126784,BA_SCROLL,3,scroll_up
126817,BA_SCROLL,3,scroll_up
126849,BA_SCROLL,3,scroll_up
126884,BA_SCROLL,3,scroll_down
126917,BA_SCROLL,3,scroll_down
126950,BA_SCROLL,3,scroll_down
126984,BA_SCROLL,3,scroll_down
127019,BA_SCROLL,3,scroll_down
127049,BA_SCROLL,3,scroll_down
127084,BA_SCROLL,3,scroll_down
127115,BA_SCROLL,3,scroll_down
127148,BA_SCROLL,3,scroll_down
127183,BA_SCROLL,3,scroll_down
127217,BA_SCROLL,3,scroll_down
127250,BA_SCROLL,3,scroll_down
127283,BA_SCROLL,3,scroll_down
127317,BA_SCROLL,3,scroll_down
127351,BA_SCROLL,3,scroll_down
127383,BA_SCROLL,3,scroll_up
127419,BA_SCROLL,3,scroll_up
127449,BA_SCROLL,3,scroll_up
127484,BA_SCROLL,3,scroll_up
127517,BA_SCROLL,3,scroll_up
127551,BA_SCROLL,3,scroll_up
127582,BA_SCROLL,3,scroll_up
127615,BA_SCROLL,3,scroll_up
127651,BA_SCROLL,3,scroll_up
127682,BA_SCROLL,3,scroll_up
127717,BA_SCROLL,3,scroll_up
127750,BA_SCROLL,3,scroll_up
127783,BA_SCROLL,3,scroll_up
127816,BA_SCROLL,3,scroll_up
127851,BA_SCROLL,3,scroll_up
127884,BA_SCROLL,3,scroll_up
127917,BA_SCROLL,3,scroll_down
127952,BA_SCROLL,3,scroll_down
127983,BA_SCROLL,3,scroll_down
128017,BA_SCROLL,3,scroll_down
128050,BA_SCROLL,3,scroll_down
128084,BA_SCROLL,3,scroll_down
128115,BA_SCROLL,3,scroll_down
128149,BA_SCROLL,3,scroll_down
128184,BA_SCROLL,3,scroll_down
128217,BA_SCROLL,3,scroll_down
128250,BA_SCROLL,3,scroll_down
128283,BA_SCROLL,3,scroll_down
128317,BA_SCROLL,3,scroll_down
128350,BA_SCROLL,3,scroll_down
128384,BA_SCROLL,3,scroll_down
128417,BA_SCROLL,3,scroll_down
128451,BA_SCROLL,3,scroll_down
128484,BA_SCROLL,3,scroll_down
128518,BA_SCROLL,3,scroll_down
128548,BA_SCROLL,3,scroll_down
128582,BA_SCROLL,3,scroll_down
128617,BA_SCROLL,3,scroll_down
128649,BA_SCROLL,3,scroll_down
128684,BA_SCROLL,3,scroll_down
128716,BA_SCROLL,3,scroll_down
128750,BA_SCROLL,3,scroll_down
128784,BA_SCROLL,3,scroll_down
128817,BA_SCROLL,3,scroll_down
128850,BA_SCROLL,3,none
128884,BA_SCROLL,3,none
128916,BA_SCROLL,3,none
128950,BA_SCROLL,3,none
128984,BA_SCROLL,3,none
129017,BA_SCROLL,3,none
129051,BA_SCROLL,3,none
129081,BA_SCROLL,3,none
129982,BA_SCROLL,4,none
130017,BA_SCROLL,4,none
130050,BA_SCROLL,4,none
130084,BA_SCROLL,4,none
130118,BA_SCROLL,4,none
130150,BA_SCROLL,4,none
130185,BA_SCROLL,4,none
130215,BA_SCROLL,4,none
130250,BA_SCROLL,4,none
130283,BA_SCROLL,4,none
130316,BA_SCROLL,4,none
130350,BA_SCROLL,4,none
130383,BA_SCROLL,4,none
130416,BA_SCROLL,4,none
130450,BA_SCROLL,4,none
130484,BA_SCROLL,4,none
130517,BA_SCROLL,4,none
130550,BA_SCROLL,4,none
130584,BA_SCROLL,4,scroll_up
130617,BA_SCROLL,4,scroll_up
130652,BA_SCROLL,4,scroll_up
130683,BA_SCROLL,4,scroll_up
130717,BA_SCROLL,4,scroll_up
130750,BA_SCROLL,4,scroll_up
130784,BA_SCROLL,4,scroll_up
130817,BA_SCROLL,4,scroll_up
130851,BA_SCROLL,4,scroll_up
130881,BA_SCROLL,4,scroll_up
130916,BA_SCROLL,4,scroll_up
130949,BA_SCROLL,4,scroll_up
130984,BA_SCROLL,4,scroll_up
131017,BA_SCROLL,4,scroll_up
131050,BA_SCROLL,4,scroll_down
131083,BA_SCROLL,4,scroll_down
131117,BA_SCROLL,4,scroll_down
131149,BA_SCROLL,4,scroll_down
131184,BA_SCROLL,4,scroll_down
131217,BA_SCROLL,4,scroll_down
131250,BA_SCROLL,4,scroll_down
131284,BA_SCROLL,4,scroll_down
131314,BA_SCROLL,4,scroll_down
131350,BA_SCROLL,4,scroll_down
131384,BA_SCROLL,4,scroll_down
131418,BA_SCROLL,4,scroll_down
131451,BA_SCROLL,4,scroll_down
131485,BA_SCROLL,4,scroll_down
131517,BA_SCROLL,4,scroll_down
131551,BA_SCROLL,4,scroll_up
131582,BA_SCROLL,4,scroll_up
131617,BA_SCROLL,4,scroll_up
131650,BA_SCROLL,4,scroll_up
131683,BA_SCROLL,4,scroll_up
131717,BA_SCROLL,4,scroll_up
131750,BA_SCROLL,4,scroll_up
131783,BA_SCROLL,4,scroll_up
131817,BA_SCROLL,4,scroll_up
131850,BA_SCROLL,4,scroll_up
131883,BA_SCROLL,4,scroll_up
131917,BA_SCROLL,4,scroll_up
131950,BA_SCROLL,4,scroll_up
131983,BA_SCROLL,4,scroll_down
132017,BA_SCROLL,4,scroll_down
132050,BA_SCROLL,4,scroll_down
132084,BA_SCROLL,4,scroll_down
132117,BA_SCROLL,4,scroll_down
132151,BA_SCROLL,4,scroll_down
132182,BA_SCROLL,4,scroll_down
132219,BA_SCROLL,4,scroll_down
132251,BA_SCROLL,4,scroll_down
132285,BA_SCROLL,4,scroll_down
132318,BA_SCROLL,4,scroll_down
132348,BA_SCROLL,4,scroll_down
132383,BA_SCROLL,4,scroll_down
132417,BA_SCROLL,4,scroll_down
132450,BA_SCROLL,4,scroll_up
132481,BA_SCROLL,4,scroll_up
132517,BA_SCROLL,4,scroll_up
132550,BA_SCROLL,4,scroll_up
132583,BA_SCROLL,4,scroll_up
132616,BA_SCROLL,4,scroll_up
132650,BA_SCROLL,4,scroll_up
132683,BA_SCROLL,4,scroll_up
132717,BA_SCROLL,4,scroll_up
132750,BA_SCROLL,4,scroll_up
132784,BA_SCROLL,4,scroll_up
132817,BA_SCROLL,4,scroll_up
132850,BA_SCROLL,4,scroll_up
132883,BA_SCROLL,4,scroll_down
132917,BA_SCROLL,4,scroll_down
132952,BA_SCROLL,4,scroll_down
132984,BA_SCROLL,4,scroll_down
133018,BA_SCROLL,4,scroll_down
133052,BA_SCROLL,4,scroll_down
133081,BA_SCROLL,4,scroll_down
133117,BA_SCROLL,4,scroll_down
133150,BA_SCROLL,4,scroll_down
133184,BA_SCROLL,4,scroll_down
133217,BA_SCROLL,4,scroll_down
133250,BA_SCROLL,4,scroll_down
133283,BA_SCROLL,4,scroll_down
133317,BA_SCROLL,4,scroll_up
133348,BA_SCROLL,4,scroll_up
133384,BA_SCROLL,4,scroll_up
133417,BA_SCROLL,4,scroll_up
133450,BA_SCROLL,4,scroll_up
133484,BA_SCROLL,4,scroll_up
133517,BA_SCROLL,4,scroll_up
133551,BA_SCROLL,4,scroll_up
133584,BA_SCROLL,4,scroll_up
133619,BA_SCROLL,4,scroll_up
133650,BA_SCROLL,4,scroll_up
133685,BA_SCROLL,4,scroll_up
133719,BA_SCROLL,4,scroll_up
133752,BA_SCROLL,4,scroll_down
133786,BA_SCROLL,4,scroll_down
133818,BA_SCROLL,4,scroll_down
133852,BA_SCROLL,4,scroll_down
133886,BA_SCROLL,4,scroll_down
133919,BA_SCROLL,4,scroll_down
133949,BA_SCROLL,4,scroll_down
133984,BA_SCROLL,4,scroll_down
134017,BA_SCROLL,4,scroll_down
134050,BA_SCROLL,4,scroll_down
134083,BA_SCROLL,4,scroll_down
134117,BA_SCROLL,4,scroll_down
134150,BA_SCROLL,4,scroll_down
134183,BA_SCROLL,4,scroll_up
134217,BA_SCROLL,4,scroll_up
134251,BA_SCROLL,4,scroll_up
134283,BA_SCROLL,4,scroll_up
134317,BA_SCROLL,4,scroll_up
134350,BA_SCROLL,4,scroll_up
134384,BA_SCROLL,4,scroll_up
134417,BA_SCROLL,4,scroll_up
134451,BA_SCROLL,4,scroll_up
134484,BA_SCROLL,4,scroll_up
134518,BA_SCROLL,4,scroll_up
134552,BA_SCROLL,4,scroll_up
134585,BA_SCROLL,4,scroll_up
134618,BA_SCROLL,4,scroll_up
134651,BA_SCROLL,4,scroll_up
134685,BA_SCROLL,4,scroll_up
134719,BA_SCROLL,4,scroll_down
134751,BA_SCROLL,4,scroll_down
134786,BA_SCROLL,4,scroll_down
134816,BA_SCROLL,4,scroll_down
134850,BA_SCROLL,4,scroll_down
134884,BA_SCROLL,4,scroll_down
134917,BA_SCROLL,4,scroll_down
134950,BA_SCROLL,4,scroll_down
134983,BA_SCROLL,4,scroll_down
135017,BA_SCROLL,4,scroll_down
135051,BA_SCROLL,4,scroll_down
135084,BA_SCROLL,4,scroll_down
135117,BA_SCROLL,4,scroll_down
135150,BA_SCROLL,4,scroll_down
135184,BA_SCROLL,4,scroll_down
135217,BA_SCROLL,4,scroll_down
135250,BA_SCROLL,4,scroll_down
135284,BA_SCROLL,4,scroll_down
135317,BA_SCROLL,4,scroll_down
135350,BA_SCROLL,4,scroll_down
135385,BA_SCROLL,4,scroll_down
135418,BA_SCROLL,4,scroll_down
135451,BA_SCROLL,4,scroll_down
135484,BA_SCROLL,4,scroll_down
135518,BA_SCROLL,4,scroll_down
135551,BA_SCROLL,4,scroll_down
135586,BA_SCROLL,4,scroll_down
